doc_key,url_bucket,url_docname,source_url,matched_current_doc_keys,program_key,program_name,doc_label,output_path,raw_json_path,local_path
380de9618586a0ca6c81a4e982b41c2acf829a12,2017,Plan_BMed_de.pdf,https://cdn.unifr.ch/scimed/plans/2017/Plan_BMed_de.pdf,f0cae358bc9981d3b1d0e9295073a50fcc1be852,|bachelor|150|physics,Physics,Hauptfach&nbsp;Humanmedizin,scrapy_crawler\outputs\parsed_fulltext_docling_new\380de9618586a0ca6c81a4e982b41c2acf829a12.txt,scrapy_crawler\outputs\parsed_fulltext_docling_new\_raw_docling_json\380de9618586a0ca6c81a4e982b41c2acf829a12.json,C:\Users\Sara\OneDrive\Uni\Bachelor thesis\BA_Thesis_Dev\scrapy_crawler\outputs\pdfs\UNK_Bachelor_150_Physics_Hauptfach_nbsp_Humanmedizin_380de9618586a0ca6c81a4e982b41c2acf829a12.pdf
7e81f4b78920d884ef23a1fa5f43ed928af63674,2018,Plan_BMed_de.pdf,https://cdn.unifr.ch/scimed/plans/2018/Plan_BMed_de.pdf,f0cae358bc9981d3b1d0e9295073a50fcc1be852,|bachelor|150|physics,Physics,Hauptfach&nbsp;Humanmedizin,scrapy_crawler\outputs\parsed_fulltext_docling_new\7e81f4b78920d884ef23a1fa5f43ed928af63674.txt,scrapy_crawler\outputs\parsed_fulltext_docling_new\_raw_docling_json\7e81f4b78920d884ef23a1fa5f43ed928af63674.json,C:\Users\Sara\OneDrive\Uni\Bachelor thesis\BA_Thesis_Dev\scrapy_crawler\outputs\pdfs\UNK_Bachelor_150_Physics_Hauptfach_nbsp_Humanmedizin_7e81f4b78920d884ef23a1fa5f43ed928af63674.pdf
9adb46b5d12b447c79bc2f9264d7b87c7588e7bb,2019,Plan_BMed_de.pdf,https://cdn.unifr.ch/scimed/plans/2019/Plan_BMed_de.pdf,f0cae358bc9981d3b1d0e9295073a50fcc1be852,|bachelor|150|physics,Physics,Hauptfach&nbsp;Humanmedizin,scrapy_crawler\outputs\parsed_fulltext_docling_new\9adb46b5d12b447c79bc2f9264d7b87c7588e7bb.txt,scrapy_crawler\outputs\parsed_fulltext_docling_new\_raw_docling_json\9adb46b5d12b447c79bc2f9264d7b87c7588e7bb.json,C:\Users\Sara\OneDrive\Uni\Bachelor thesis\BA_Thesis_Dev\scrapy_crawler\outputs\pdfs\UNK_Bachelor_150_Physics_Hauptfach_nbsp_Humanmedizin_9adb46b5d12b447c79bc2f9264d7b87c7588e7bb.pdf
0ac570224a19db66af2fcbd7bb91ebe8754e5983,2020,Plan_BMed_de.pdf,https://cdn.unifr.ch/scimed/plans/2020/Plan_BMed_de.pdf?time=100,f0cae358bc9981d3b1d0e9295073a50fcc1be852,|bachelor|150|physics,Physics,Hauptfach&nbsp;Humanmedizin,scrapy_crawler\outputs\parsed_fulltext_docling_new\0ac570224a19db66af2fcbd7bb91ebe8754e5983.txt,scrapy_crawler\outputs\parsed_fulltext_docling_new\_raw_docling_json\0ac570224a19db66af2fcbd7bb91ebe8754e5983.json,C:\Users\Sara\OneDrive\Uni\Bachelor thesis\BA_Thesis_Dev\scrapy_crawler\outputs\pdfs\UNK_Bachelor_150_Physics_Hauptfach_nbsp_Humanmedizin_0ac570224a19db66af2fcbd7bb91ebe8754e5983.pdf
0015af61cd69636d1605ce5790216572fb892cd9,2021,Plan_BMed_de.pdf,https://cdn.unifr.ch/scimed/plans/2021/Plan_BMed_de.pdf?time=101,f0cae358bc9981d3b1d0e9295073a50fcc1be852,|bachelor|150|physics,Physics,Hauptfach&nbsp;Humanmedizin,scrapy_crawler\outputs\parsed_fulltext_docling_new\0015af61cd69636d1605ce5790216572fb892cd9.txt,scrapy_crawler\outputs\parsed_fulltext_docling_new\_raw_docling_json\0015af61cd69636d1605ce5790216572fb892cd9.json,C:\Users\Sara\OneDrive\Uni\Bachelor thesis\BA_Thesis_Dev\scrapy_crawler\outputs\pdfs\UNK_Bachelor_150_Physics_Hauptfach_nbsp_Humanmedizin_0015af61cd69636d1605ce5790216572fb892cd9.pdf
6a7db52acaa7277aedc80bf3f189668ea79a6d6b,2022,Plan_BMed_de.pdf,https://cdn.unifr.ch/scimed/plans/2022/Plan_BMed_de.pdf,f0cae358bc9981d3b1d0e9295073a50fcc1be852,|bachelor|150|physics,Physics,Hauptfach&nbsp;Humanmedizin,scrapy_crawler\outputs\parsed_fulltext_docling_new\6a7db52acaa7277aedc80bf3f189668ea79a6d6b.txt,scrapy_crawler\outputs\parsed_fulltext_docling_new\_raw_docling_json\6a7db52acaa7277aedc80bf3f189668ea79a6d6b.json,C:\Users\Sara\OneDrive\Uni\Bachelor thesis\BA_Thesis_Dev\scrapy_crawler\outputs\pdfs\UNK_Bachelor_150_Physics_Hauptfach_nbsp_Humanmedizin_6a7db52acaa7277aedc80bf3f189668ea79a6d6b.pdf
0a2c7c9d259850fc5345194d231d620f8a17d121,2023,Plan_BMed_de.pdf,https://cdn.unifr.ch/scimed/plans/2023/Plan_BMed_de.pdf,f0cae358bc9981d3b1d0e9295073a50fcc1be852,|bachelor|150|physics,Physics,Hauptfach&nbsp;Humanmedizin,scrapy_crawler\outputs\parsed_fulltext_docling_new\0a2c7c9d259850fc5345194d231d620f8a17d121.txt,scrapy_crawler\outputs\parsed_fulltext_docling_new\_raw_docling_json\0a2c7c9d259850fc5345194d231d620f8a17d121.json,C:\Users\Sara\OneDrive\Uni\Bachelor thesis\BA_Thesis_Dev\scrapy_crawler\outputs\pdfs\UNK_Bachelor_150_Physics_Hauptfach_nbsp_Humanmedizin_0a2c7c9d259850fc5345194d231d620f8a17d121.pdf
9f6af79dc1654ab0beb3a4075894e0b5d66ec64d,2024,Plan_BMed_de.pdf,https://cdn.unifr.ch/scimed/plans/2024/Plan_BMed_de.pdf,f0cae358bc9981d3b1d0e9295073a50fcc1be852,|bachelor|150|physics,Physics,Hauptfach&nbsp;Humanmedizin,scrapy_crawler\outputs\parsed_fulltext_docling_new\9f6af79dc1654ab0beb3a4075894e0b5d66ec64d.txt,scrapy_crawler\outputs\parsed_fulltext_docling_new\_raw_docling_json\9f6af79dc1654ab0beb3a4075894e0b5d66ec64d.json,C:\Users\Sara\OneDrive\Uni\Bachelor thesis\BA_Thesis_Dev\scrapy_crawler\outputs\pdfs\UNK_Bachelor_150_Physics_Hauptfach_nbsp_Humanmedizin_9f6af79dc1654ab0beb3a4075894e0b5d66ec64d.pdf
a546338c68299257a1644a9813c10345729e6781,2017,Plan_BMed_fr.pdf,https://cdn.unifr.ch/scimed/plans/2017/Plan_BMed_fr.pdf,98523fa3011252fe19c370adf0a0b58885e9443a,|bachelor|150|physics,Physics,Branche principale&nbsp;médecine humaine,scrapy_crawler\outputs\parsed_fulltext_docling_new\a546338c68299257a1644a9813c10345729e6781.txt,scrapy_crawler\outputs\parsed_fulltext_docling_new\_raw_docling_json\a546338c68299257a1644a9813c10345729e6781.json,C:\Users\Sara\OneDrive\Uni\Bachelor thesis\BA_Thesis_Dev\scrapy_crawler\outputs\pdfs\UNK_Bachelor_150_Physics_Branche_principale_nbsp_m_decine_humaine_a546338c68299257a1644a9813c10345729e6781.pdf
1b87e4b13078de768ede78cec8faf5f22c8e7dcf,2018,Plan_BMed_fr.pdf,https://cdn.unifr.ch/scimed/plans/2018/Plan_BMed_fr.pdf,98523fa3011252fe19c370adf0a0b58885e9443a,|bachelor|150|physics,Physics,Branche principale&nbsp;médecine humaine,scrapy_crawler\outputs\parsed_fulltext_docling_new\1b87e4b13078de768ede78cec8faf5f22c8e7dcf.txt,scrapy_crawler\outputs\parsed_fulltext_docling_new\_raw_docling_json\1b87e4b13078de768ede78cec8faf5f22c8e7dcf.json,C:\Users\Sara\OneDrive\Uni\Bachelor thesis\BA_Thesis_Dev\scrapy_crawler\outputs\pdfs\UNK_Bachelor_150_Physics_Branche_principale_nbsp_m_decine_humaine_1b87e4b13078de768ede78cec8faf5f22c8e7dcf.pdf
b52839661b0977da5909ca30c385a2b44a99bdb9,2019,Plan_BMed_fr.pdf,https://cdn.unifr.ch/scimed/plans/2019/Plan_BMed_fr.pdf,98523fa3011252fe19c370adf0a0b58885e9443a,|bachelor|150|physics,Physics,Branche principale&nbsp;médecine humaine,scrapy_crawler\outputs\parsed_fulltext_docling_new\b52839661b0977da5909ca30c385a2b44a99bdb9.txt,scrapy_crawler\outputs\parsed_fulltext_docling_new\_raw_docling_json\b52839661b0977da5909ca30c385a2b44a99bdb9.json,C:\Users\Sara\OneDrive\Uni\Bachelor thesis\BA_Thesis_Dev\scrapy_crawler\outputs\pdfs\UNK_Bachelor_150_Physics_Branche_principale_nbsp_m_decine_humaine_b52839661b0977da5909ca30c385a2b44a99bdb9.pdf
025716ccd30f8a71097c5a4fe4dea1989ee9d22e,2020,Plan_BMed_fr.pdf,https://cdn.unifr.ch/scimed/plans/2020/Plan_BMed_fr.pdf,98523fa3011252fe19c370adf0a0b58885e9443a,|bachelor|150|physics,Physics,Branche principale&nbsp;médecine humaine,scrapy_crawler\outputs\parsed_fulltext_docling_new\025716ccd30f8a71097c5a4fe4dea1989ee9d22e.txt,scrapy_crawler\outputs\parsed_fulltext_docling_new\_raw_docling_json\025716ccd30f8a71097c5a4fe4dea1989ee9d22e.json,C:\Users\Sara\OneDrive\Uni\Bachelor thesis\BA_Thesis_Dev\scrapy_crawler\outputs\pdfs\UNK_Bachelor_150_Physics_Branche_principale_nbsp_m_decine_humaine_025716ccd30f8a71097c5a4fe4dea1989ee9d22e.pdf
91c30498bab39523f321181f4fc8a441b1497d0a,2021,Plan_BMed_fr.pdf,https://cdn.unifr.ch/scimed/plans/2021/Plan_BMed_fr.pdf,98523fa3011252fe19c370adf0a0b58885e9443a,|bachelor|150|physics,Physics,Branche principale&nbsp;médecine humaine,scrapy_crawler\outputs\parsed_fulltext_docling_new\91c30498bab39523f321181f4fc8a441b1497d0a.txt,scrapy_crawler\outputs\parsed_fulltext_docling_new\_raw_docling_json\91c30498bab39523f321181f4fc8a441b1497d0a.json,C:\Users\Sara\OneDrive\Uni\Bachelor thesis\BA_Thesis_Dev\scrapy_crawler\outputs\pdfs\UNK_Bachelor_150_Physics_Branche_principale_nbsp_m_decine_humaine_91c30498bab39523f321181f4fc8a441b1497d0a.pdf
ed0f462465487c132d3cee61112fb64d2754955f,2022,Plan_BMed_fr.pdf,https://cdn.unifr.ch/scimed/plans/2022/Plan_BMed_fr.pdf,98523fa3011252fe19c370adf0a0b58885e9443a,|bachelor|150|physics,Physics,Branche principale&nbsp;médecine humaine,scrapy_crawler\outputs\parsed_fulltext_docling_new\ed0f462465487c132d3cee61112fb64d2754955f.txt,scrapy_crawler\outputs\parsed_fulltext_docling_new\_raw_docling_json\ed0f462465487c132d3cee61112fb64d2754955f.json,C:\Users\Sara\OneDrive\Uni\Bachelor thesis\BA_Thesis_Dev\scrapy_crawler\outputs\pdfs\UNK_Bachelor_150_Physics_Branche_principale_nbsp_m_decine_humaine_ed0f462465487c132d3cee61112fb64d2754955f.pdf
4d06df99baefa0471159f98a162d32ebb6dd276c,2023,Plan_BMed_fr.pdf,https://cdn.unifr.ch/scimed/plans/2023/Plan_BMed_fr.pdf,98523fa3011252fe19c370adf0a0b58885e9443a,|bachelor|150|physics,Physics,Branche principale&nbsp;médecine humaine,scrapy_crawler\outputs\parsed_fulltext_docling_new\4d06df99baefa0471159f98a162d32ebb6dd276c.txt,scrapy_crawler\outputs\parsed_fulltext_docling_new\_raw_docling_json\4d06df99baefa0471159f98a162d32ebb6dd276c.json,C:\Users\Sara\OneDrive\Uni\Bachelor thesis\BA_Thesis_Dev\scrapy_crawler\outputs\pdfs\UNK_Bachelor_150_Physics_Branche_principale_nbsp_m_decine_humaine_4d06df99baefa0471159f98a162d32ebb6dd276c.pdf
7723ddadc7ad1abe0a2d27ff8b962630de7a5e64,2024,Plan_BMed_fr.pdf,https://cdn.unifr.ch/scimed/plans/2024/Plan_BMed_fr.pdf,98523fa3011252fe19c370adf0a0b58885e9443a,|bachelor|150|physics,Physics,Branche principale&nbsp;médecine humaine,scrapy_crawler\outputs\parsed_fulltext_docling_new\7723ddadc7ad1abe0a2d27ff8b962630de7a5e64.txt,scrapy_crawler\outputs\parsed_fulltext_docling_new\_raw_docling_json\7723ddadc7ad1abe0a2d27ff8b962630de7a5e64.json,C:\Users\Sara\OneDrive\Uni\Bachelor thesis\BA_Thesis_Dev\scrapy_crawler\outputs\pdfs\UNK_Bachelor_150_Physics_Branche_principale_nbsp_m_decine_humaine_7723ddadc7ad1abe0a2d27ff8b962630de7a5e64.pdf
46a08621bc68418bd00f2dc1227a8f6de32ca30c,2019,Plan_BSc-MSc_MA_de.pdf,https://cdn.unifr.ch/scimed/plans/2019/Plan_BSc-MSc_MA_de.pdf,4f84e79657f69dbff1efa63e7fd0f5bb75357086,|bachelor|150|physics,Physics,Hauptfach Mathematik,scrapy_crawler\outputs\parsed_fulltext_docling_new\46a08621bc68418bd00f2dc1227a8f6de32ca30c.txt,scrapy_crawler\outputs\parsed_fulltext_docling_new\_raw_docling_json\46a08621bc68418bd00f2dc1227a8f6de32ca30c.json,C:\Users\Sara\OneDrive\Uni\Bachelor thesis\BA_Thesis_Dev\scrapy_crawler\outputs\pdfs\UNK_Bachelor_150_Physics_Hauptfach_Mathematik_46a08621bc68418bd00f2dc1227a8f6de32ca30c.pdf
07b69352fa2041a9b28418aa9a7bc3df64d1f9d8,2020,Plan_BSc-MSc_MA_de.pdf,https://cdn.unifr.ch/scimed/plans/2020/Plan_BSc-MSc_MA_de.pdf?time=100,4f84e79657f69dbff1efa63e7fd0f5bb75357086,|bachelor|150|physics,Physics,Hauptfach Mathematik,scrapy_crawler\outputs\parsed_fulltext_docling_new\07b69352fa2041a9b28418aa9a7bc3df64d1f9d8.txt,scrapy_crawler\outputs\parsed_fulltext_docling_new\_raw_docling_json\07b69352fa2041a9b28418aa9a7bc3df64d1f9d8.json,C:\Users\Sara\OneDrive\Uni\Bachelor thesis\BA_Thesis_Dev\scrapy_crawler\outputs\pdfs\UNK_Bachelor_150_Physics_Hauptfach_Mathematik_07b69352fa2041a9b28418aa9a7bc3df64d1f9d8.pdf
4b530029b2968ed0836222d1b16dff91b0fd13b0,2021,Plan_BSc-MSc_MA_de.pdf,https://cdn.unifr.ch/scimed/plans/2021/Plan_BSc-MSc_MA_de.pdf,4f84e79657f69dbff1efa63e7fd0f5bb75357086,|bachelor|150|physics,Physics,Hauptfach Mathematik,scrapy_crawler\outputs\parsed_fulltext_docling_new\4b530029b2968ed0836222d1b16dff91b0fd13b0.txt,scrapy_crawler\outputs\parsed_fulltext_docling_new\_raw_docling_json\4b530029b2968ed0836222d1b16dff91b0fd13b0.json,C:\Users\Sara\OneDrive\Uni\Bachelor thesis\BA_Thesis_Dev\scrapy_crawler\outputs\pdfs\UNK_Bachelor_150_Physics_Hauptfach_Mathematik_4b530029b2968ed0836222d1b16dff91b0fd13b0.pdf
47189acefe8e4984b58a8b18ebef3619c0831e54,2022,Plan_BSc-MSc_MA_de.pdf,https://cdn.unifr.ch/scimed/plans/2022/Plan_BSc-MSc_MA_de.pdf,4f84e79657f69dbff1efa63e7fd0f5bb75357086,|bachelor|150|physics,Physics,Hauptfach Mathematik,scrapy_crawler\outputs\parsed_fulltext_docling_new\47189acefe8e4984b58a8b18ebef3619c0831e54.txt,scrapy_crawler\outputs\parsed_fulltext_docling_new\_raw_docling_json\47189acefe8e4984b58a8b18ebef3619c0831e54.json,C:\Users\Sara\OneDrive\Uni\Bachelor thesis\BA_Thesis_Dev\scrapy_crawler\outputs\pdfs\UNK_Bachelor_150_Physics_Hauptfach_Mathematik_47189acefe8e4984b58a8b18ebef3619c0831e54.pdf
78ab97eaed6a6513ab26e8f97157849a2db014a5,2023,Plan_BSc-MSc_MA_de.pdf,https://cdn.unifr.ch/scimed/plans/2023/Plan_BSc-MSc_MA_de.pdf,4f84e79657f69dbff1efa63e7fd0f5bb75357086,|bachelor|150|physics,Physics,Hauptfach Mathematik,scrapy_crawler\outputs\parsed_fulltext_docling_new\78ab97eaed6a6513ab26e8f97157849a2db014a5.txt,scrapy_crawler\outputs\parsed_fulltext_docling_new\_raw_docling_json\78ab97eaed6a6513ab26e8f97157849a2db014a5.json,C:\Users\Sara\OneDrive\Uni\Bachelor thesis\BA_Thesis_Dev\scrapy_crawler\outputs\pdfs\UNK_Bachelor_150_Physics_Hauptfach_Mathematik_78ab97eaed6a6513ab26e8f97157849a2db014a5.pdf
87237db69998265def888e92c3e429f376a6053e,2024,Plan_BSc-MSc_MA_de.pdf,https://cdn.unifr.ch/scimed/plans/2024/Plan_BSc-MSc_MA_de.pdf,4f84e79657f69dbff1efa63e7fd0f5bb75357086,|bachelor|150|physics,Physics,Hauptfach Mathematik,scrapy_crawler\outputs\parsed_fulltext_docling_new\87237db69998265def888e92c3e429f376a6053e.txt,scrapy_crawler\outputs\parsed_fulltext_docling_new\_raw_docling_json\87237db69998265def888e92c3e429f376a6053e.json,C:\Users\Sara\OneDrive\Uni\Bachelor thesis\BA_Thesis_Dev\scrapy_crawler\outputs\pdfs\UNK_Bachelor_150_Physics_Hauptfach_Mathematik_87237db69998265def888e92c3e429f376a6053e.pdf
b485e065e7a43c5000f1bd6a4dd958e1fec8a5cc,2019,Plan_BSc-MSc_MA_fr.pdf,https://cdn.unifr.ch/scimed/plans/2019/Plan_BSc-MSc_MA_fr.pdf,c4ecdd60b99307be0f26933f9c95e22274b05c90,|bachelor|150|physics,Physics,Branche principale en mathématiques,scrapy_crawler\outputs\parsed_fulltext_docling_new\b485e065e7a43c5000f1bd6a4dd958e1fec8a5cc.txt,scrapy_crawler\outputs\parsed_fulltext_docling_new\_raw_docling_json\b485e065e7a43c5000f1bd6a4dd958e1fec8a5cc.json,C:\Users\Sara\OneDrive\Uni\Bachelor thesis\BA_Thesis_Dev\scrapy_crawler\outputs\pdfs\UNK_Bachelor_150_Physics_Branche_principale_en_math_matiques_b485e065e7a43c5000f1bd6a4dd958e1fec8a5cc.pdf
51467a1636991e4bac1c8e820447daf933d56a10,2020,Plan_BSc-MSc_MA_fr.pdf,https://cdn.unifr.ch/scimed/plans/2020/Plan_BSc-MSc_MA_fr.pdf,c4ecdd60b99307be0f26933f9c95e22274b05c90,|bachelor|150|physics,Physics,Branche principale en mathématiques,scrapy_crawler\outputs\parsed_fulltext_docling_new\51467a1636991e4bac1c8e820447daf933d56a10.txt,scrapy_crawler\outputs\parsed_fulltext_docling_new\_raw_docling_json\51467a1636991e4bac1c8e820447daf933d56a10.json,C:\Users\Sara\OneDrive\Uni\Bachelor thesis\BA_Thesis_Dev\scrapy_crawler\outputs\pdfs\UNK_Bachelor_150_Physics_Branche_principale_en_math_matiques_51467a1636991e4bac1c8e820447daf933d56a10.pdf
a33a092598898cfb7b7794a5cd7aa52a385c90b7,2021,Plan_BSc-MSc_MA_fr.pdf,https://cdn.unifr.ch/scimed/plans/2021/Plan_BSc-MSc_MA_fr.pdf?time=100,c4ecdd60b99307be0f26933f9c95e22274b05c90,|bachelor|150|physics,Physics,Branche principale en mathématiques,scrapy_crawler\outputs\parsed_fulltext_docling_new\a33a092598898cfb7b7794a5cd7aa52a385c90b7.txt,scrapy_crawler\outputs\parsed_fulltext_docling_new\_raw_docling_json\a33a092598898cfb7b7794a5cd7aa52a385c90b7.json,C:\Users\Sara\OneDrive\Uni\Bachelor thesis\BA_Thesis_Dev\scrapy_crawler\outputs\pdfs\UNK_Bachelor_150_Physics_Branche_principale_en_math_matiques_a33a092598898cfb7b7794a5cd7aa52a385c90b7.pdf
32bfb78485e286034aad9a37560bf683691e0590,2022,Plan_BSc-MSc_MA_fr.pdf,https://cdn.unifr.ch/scimed/plans/2022/Plan_BSc-MSc_MA_fr.pdf,c4ecdd60b99307be0f26933f9c95e22274b05c90,|bachelor|150|physics,Physics,Branche principale en mathématiques,scrapy_crawler\outputs\parsed_fulltext_docling_new\32bfb78485e286034aad9a37560bf683691e0590.txt,scrapy_crawler\outputs\parsed_fulltext_docling_new\_raw_docling_json\32bfb78485e286034aad9a37560bf683691e0590.json,C:\Users\Sara\OneDrive\Uni\Bachelor thesis\BA_Thesis_Dev\scrapy_crawler\outputs\pdfs\UNK_Bachelor_150_Physics_Branche_principale_en_math_matiques_32bfb78485e286034aad9a37560bf683691e0590.pdf
4ecee7aa6b0509657ffe817ec37ba040e4c3f23c,2023,Plan_BSc-MSc_MA_fr.pdf,https://cdn.unifr.ch/scimed/plans/2023/Plan_BSc-MSc_MA_fr.pdf,c4ecdd60b99307be0f26933f9c95e22274b05c90,|bachelor|150|physics,Physics,Branche principale en mathématiques,scrapy_crawler\outputs\parsed_fulltext_docling_new\4ecee7aa6b0509657ffe817ec37ba040e4c3f23c.txt,scrapy_crawler\outputs\parsed_fulltext_docling_new\_raw_docling_json\4ecee7aa6b0509657ffe817ec37ba040e4c3f23c.json,C:\Users\Sara\OneDrive\Uni\Bachelor thesis\BA_Thesis_Dev\scrapy_crawler\outputs\pdfs\UNK_Bachelor_150_Physics_Branche_principale_en_math_matiques_4ecee7aa6b0509657ffe817ec37ba040e4c3f23c.pdf
a70aab4718be92331ee15e5ee0e4395511be32c3,2024,Plan_BSc-MSc_MA_fr.pdf,https://cdn.unifr.ch/scimed/plans/2024/Plan_BSc-MSc_MA_fr.pdf,c4ecdd60b99307be0f26933f9c95e22274b05c90,|bachelor|150|physics,Physics,Branche principale en mathématiques,scrapy_crawler\outputs\parsed_fulltext_docling_new\a70aab4718be92331ee15e5ee0e4395511be32c3.txt,scrapy_crawler\outputs\parsed_fulltext_docling_new\_raw_docling_json\a70aab4718be92331ee15e5ee0e4395511be32c3.json,C:\Users\Sara\OneDrive\Uni\Bachelor thesis\BA_Thesis_Dev\scrapy_crawler\outputs\pdfs\UNK_Bachelor_150_Physics_Branche_principale_en_math_matiques_a70aab4718be92331ee15e5ee0e4395511be32c3.pdf
ae2e327eb578b08e6873c3b55b142271f5901483,2017,Plan_BSc_BC_de.pdf,https://cdn.unifr.ch/scimed/plans/2017/Plan_BSc_BC_de.pdf,d4050b2ddc23f73334f382f3a592c138d928659d,|bachelor|150|physics,Physics,Hauptfach Biochemie,scrapy_crawler\outputs\parsed_fulltext_docling_new\ae2e327eb578b08e6873c3b55b142271f5901483.txt,scrapy_crawler\outputs\parsed_fulltext_docling_new\_raw_docling_json\ae2e327eb578b08e6873c3b55b142271f5901483.json,C:\Users\Sara\OneDrive\Uni\Bachelor thesis\BA_Thesis_Dev\scrapy_crawler\outputs\pdfs\UNK_Bachelor_150_Physics_Hauptfach_Biochemie_ae2e327eb578b08e6873c3b55b142271f5901483.pdf
d6e6f874c83080e3da518f2420aa11dd7474c6b9,2018,Plan_BSc_BC_de.pdf,https://cdn.unifr.ch/scimed/plans/2018/Plan_BSc_BC_de.pdf,d4050b2ddc23f73334f382f3a592c138d928659d,|bachelor|150|physics,Physics,Hauptfach Biochemie,scrapy_crawler\outputs\parsed_fulltext_docling_new\d6e6f874c83080e3da518f2420aa11dd7474c6b9.txt,scrapy_crawler\outputs\parsed_fulltext_docling_new\_raw_docling_json\d6e6f874c83080e3da518f2420aa11dd7474c6b9.json,C:\Users\Sara\OneDrive\Uni\Bachelor thesis\BA_Thesis_Dev\scrapy_crawler\outputs\pdfs\UNK_Bachelor_150_Physics_Hauptfach_Biochemie_d6e6f874c83080e3da518f2420aa11dd7474c6b9.pdf
79e1214640a026f9b1b99ea33fbacb077c9b03c0,2019,Plan_BSc_BC_de.pdf,https://cdn.unifr.ch/scimed/plans/2019/Plan_BSc_BC_de.pdf,d4050b2ddc23f73334f382f3a592c138d928659d,|bachelor|150|physics,Physics,Hauptfach Biochemie,scrapy_crawler\outputs\parsed_fulltext_docling_new\79e1214640a026f9b1b99ea33fbacb077c9b03c0.txt,scrapy_crawler\outputs\parsed_fulltext_docling_new\_raw_docling_json\79e1214640a026f9b1b99ea33fbacb077c9b03c0.json,C:\Users\Sara\OneDrive\Uni\Bachelor thesis\BA_Thesis_Dev\scrapy_crawler\outputs\pdfs\UNK_Bachelor_150_Physics_Hauptfach_Biochemie_79e1214640a026f9b1b99ea33fbacb077c9b03c0.pdf
5130b38557d6953c98badfe4b46f76175c9c1a3f,2020,Plan_BSc_BC_de.pdf,https://cdn.unifr.ch/scimed/plans/2020/Plan_BSc_BC_de.pdf?time=100,d4050b2ddc23f73334f382f3a592c138d928659d,|bachelor|150|physics,Physics,Hauptfach Biochemie,scrapy_crawler\outputs\parsed_fulltext_docling_new\5130b38557d6953c98badfe4b46f76175c9c1a3f.txt,scrapy_crawler\outputs\parsed_fulltext_docling_new\_raw_docling_json\5130b38557d6953c98badfe4b46f76175c9c1a3f.json,C:\Users\Sara\OneDrive\Uni\Bachelor thesis\BA_Thesis_Dev\scrapy_crawler\outputs\pdfs\UNK_Bachelor_150_Physics_Hauptfach_Biochemie_5130b38557d6953c98badfe4b46f76175c9c1a3f.pdf
24bb2bd116f798167bbd2c2e9ffd4943ab6e5320,2021,Plan_BSc_BC_de.pdf,https://cdn.unifr.ch/scimed/plans/2021/Plan_BSc_BC_de.pdf,d4050b2ddc23f73334f382f3a592c138d928659d,|bachelor|150|physics,Physics,Hauptfach Biochemie,scrapy_crawler\outputs\parsed_fulltext_docling_new\24bb2bd116f798167bbd2c2e9ffd4943ab6e5320.txt,scrapy_crawler\outputs\parsed_fulltext_docling_new\_raw_docling_json\24bb2bd116f798167bbd2c2e9ffd4943ab6e5320.json,C:\Users\Sara\OneDrive\Uni\Bachelor thesis\BA_Thesis_Dev\scrapy_crawler\outputs\pdfs\UNK_Bachelor_150_Physics_Hauptfach_Biochemie_24bb2bd116f798167bbd2c2e9ffd4943ab6e5320.pdf
df89e98d3466e83962aca8dc67dd7a10bb3ee4d6,2022,Plan_BSc_BC_de.pdf,https://cdn.unifr.ch/scimed/plans/2022/Plan_BSc_BC_de.pdf,d4050b2ddc23f73334f382f3a592c138d928659d,|bachelor|150|physics,Physics,Hauptfach Biochemie,scrapy_crawler\outputs\parsed_fulltext_docling_new\df89e98d3466e83962aca8dc67dd7a10bb3ee4d6.txt,scrapy_crawler\outputs\parsed_fulltext_docling_new\_raw_docling_json\df89e98d3466e83962aca8dc67dd7a10bb3ee4d6.json,C:\Users\Sara\OneDrive\Uni\Bachelor thesis\BA_Thesis_Dev\scrapy_crawler\outputs\pdfs\UNK_Bachelor_150_Physics_Hauptfach_Biochemie_df89e98d3466e83962aca8dc67dd7a10bb3ee4d6.pdf
76283a991d5d34886e2f4a414946dd5927ad685d,2023,Plan_BSc_BC_de.pdf,https://cdn.unifr.ch/scimed/plans/2023/Plan_BSc_BC_de.pdf,d4050b2ddc23f73334f382f3a592c138d928659d,|bachelor|150|physics,Physics,Hauptfach Biochemie,scrapy_crawler\outputs\parsed_fulltext_docling_new\76283a991d5d34886e2f4a414946dd5927ad685d.txt,scrapy_crawler\outputs\parsed_fulltext_docling_new\_raw_docling_json\76283a991d5d34886e2f4a414946dd5927ad685d.json,C:\Users\Sara\OneDrive\Uni\Bachelor thesis\BA_Thesis_Dev\scrapy_crawler\outputs\pdfs\UNK_Bachelor_150_Physics_Hauptfach_Biochemie_76283a991d5d34886e2f4a414946dd5927ad685d.pdf
d99ccfc66a0a51e4c36002d23612eba02cdabab0,2024,Plan_BSc_BC_de.pdf,https://cdn.unifr.ch/scimed/plans/2024/Plan_BSc_BC_de.pdf,d4050b2ddc23f73334f382f3a592c138d928659d,|bachelor|150|physics,Physics,Hauptfach Biochemie,scrapy_crawler\outputs\parsed_fulltext_docling_new\d99ccfc66a0a51e4c36002d23612eba02cdabab0.txt,scrapy_crawler\outputs\parsed_fulltext_docling_new\_raw_docling_json\d99ccfc66a0a51e4c36002d23612eba02cdabab0.json,C:\Users\Sara\OneDrive\Uni\Bachelor thesis\BA_Thesis_Dev\scrapy_crawler\outputs\pdfs\UNK_Bachelor_150_Physics_Hauptfach_Biochemie_d99ccfc66a0a51e4c36002d23612eba02cdabab0.pdf
9467c1fae6b07723b43e99148acfdf21675c08f5,2017,Plan_BSc_BC_fr.pdf,https://cdn.unifr.ch/scimed/plans/2017/Plan_BSc_BC_fr.pdf,da14c3d1aea1ec648ba5bd50ed6eca345642502e,|bachelor|150|physics,Physics,Branche principale en biochimie,scrapy_crawler\outputs\parsed_fulltext_docling_new\9467c1fae6b07723b43e99148acfdf21675c08f5.txt,scrapy_crawler\outputs\parsed_fulltext_docling_new\_raw_docling_json\9467c1fae6b07723b43e99148acfdf21675c08f5.json,C:\Users\Sara\OneDrive\Uni\Bachelor thesis\BA_Thesis_Dev\scrapy_crawler\outputs\pdfs\UNK_Bachelor_150_Physics_Branche_principale_en_biochimie_9467c1fae6b07723b43e99148acfdf21675c08f5.pdf
dd17b596cc49f8a188742611f88f94393521b062,2018,Plan_BSc_BC_fr.pdf,https://cdn.unifr.ch/scimed/plans/2018/Plan_BSc_BC_fr.pdf,da14c3d1aea1ec648ba5bd50ed6eca345642502e,|bachelor|150|physics,Physics,Branche principale en biochimie,scrapy_crawler\outputs\parsed_fulltext_docling_new\dd17b596cc49f8a188742611f88f94393521b062.txt,scrapy_crawler\outputs\parsed_fulltext_docling_new\_raw_docling_json\dd17b596cc49f8a188742611f88f94393521b062.json,C:\Users\Sara\OneDrive\Uni\Bachelor thesis\BA_Thesis_Dev\scrapy_crawler\outputs\pdfs\UNK_Bachelor_150_Physics_Branche_principale_en_biochimie_dd17b596cc49f8a188742611f88f94393521b062.pdf
87a365bb1865c35677798730931d99f14ff1f7ad,2019,Plan_BSc_BC_fr.pdf,https://cdn.unifr.ch/scimed/plans/2019/Plan_BSc_BC_fr.pdf,da14c3d1aea1ec648ba5bd50ed6eca345642502e,|bachelor|150|physics,Physics,Branche principale en biochimie,scrapy_crawler\outputs\parsed_fulltext_docling_new\87a365bb1865c35677798730931d99f14ff1f7ad.txt,scrapy_crawler\outputs\parsed_fulltext_docling_new\_raw_docling_json\87a365bb1865c35677798730931d99f14ff1f7ad.json,C:\Users\Sara\OneDrive\Uni\Bachelor thesis\BA_Thesis_Dev\scrapy_crawler\outputs\pdfs\UNK_Bachelor_150_Physics_Branche_principale_en_biochimie_87a365bb1865c35677798730931d99f14ff1f7ad.pdf
3c6bd90bb3d43e37914967ea9da1fac1f60a2ec3,2020,Plan_BSc_BC_fr.pdf,https://cdn.unifr.ch/scimed/plans/2020/Plan_BSc_BC_fr.pdf,da14c3d1aea1ec648ba5bd50ed6eca345642502e,|bachelor|150|physics,Physics,Branche principale en biochimie,scrapy_crawler\outputs\parsed_fulltext_docling_new\3c6bd90bb3d43e37914967ea9da1fac1f60a2ec3.txt,scrapy_crawler\outputs\parsed_fulltext_docling_new\_raw_docling_json\3c6bd90bb3d43e37914967ea9da1fac1f60a2ec3.json,C:\Users\Sara\OneDrive\Uni\Bachelor thesis\BA_Thesis_Dev\scrapy_crawler\outputs\pdfs\UNK_Bachelor_150_Physics_Branche_principale_en_biochimie_3c6bd90bb3d43e37914967ea9da1fac1f60a2ec3.pdf
0edfd2de08f780c8b93c18678871a8c0a2a082b9,2021,Plan_BSc_BC_fr.pdf,https://cdn.unifr.ch/scimed/plans/2021/Plan_BSc_BC_fr.pdf?time=100,da14c3d1aea1ec648ba5bd50ed6eca345642502e,|bachelor|150|physics,Physics,Branche principale en biochimie,scrapy_crawler\outputs\parsed_fulltext_docling_new\0edfd2de08f780c8b93c18678871a8c0a2a082b9.txt,scrapy_crawler\outputs\parsed_fulltext_docling_new\_raw_docling_json\0edfd2de08f780c8b93c18678871a8c0a2a082b9.json,C:\Users\Sara\OneDrive\Uni\Bachelor thesis\BA_Thesis_Dev\scrapy_crawler\outputs\pdfs\UNK_Bachelor_150_Physics_Branche_principale_en_biochimie_0edfd2de08f780c8b93c18678871a8c0a2a082b9.pdf
e3272060550e0b3be3cd8fffadde26aa314c4865,2022,Plan_BSc_BC_fr.pdf,https://cdn.unifr.ch/scimed/plans/2022/Plan_BSc_BC_fr.pdf,da14c3d1aea1ec648ba5bd50ed6eca345642502e,|bachelor|150|physics,Physics,Branche principale en biochimie,scrapy_crawler\outputs\parsed_fulltext_docling_new\e3272060550e0b3be3cd8fffadde26aa314c4865.txt,scrapy_crawler\outputs\parsed_fulltext_docling_new\_raw_docling_json\e3272060550e0b3be3cd8fffadde26aa314c4865.json,C:\Users\Sara\OneDrive\Uni\Bachelor thesis\BA_Thesis_Dev\scrapy_crawler\outputs\pdfs\UNK_Bachelor_150_Physics_Branche_principale_en_biochimie_e3272060550e0b3be3cd8fffadde26aa314c4865.pdf
c15b44c3aa541313a62189fc0512ed84c9c9ebae,2023,Plan_BSc_BC_fr.pdf,https://cdn.unifr.ch/scimed/plans/2023/Plan_BSc_BC_fr.pdf,da14c3d1aea1ec648ba5bd50ed6eca345642502e,|bachelor|150|physics,Physics,Branche principale en biochimie,scrapy_crawler\outputs\parsed_fulltext_docling_new\c15b44c3aa541313a62189fc0512ed84c9c9ebae.txt,scrapy_crawler\outputs\parsed_fulltext_docling_new\_raw_docling_json\c15b44c3aa541313a62189fc0512ed84c9c9ebae.json,C:\Users\Sara\OneDrive\Uni\Bachelor thesis\BA_Thesis_Dev\scrapy_crawler\outputs\pdfs\UNK_Bachelor_150_Physics_Branche_principale_en_biochimie_c15b44c3aa541313a62189fc0512ed84c9c9ebae.pdf
2a5f317cf4a9244cd2a04fdd6d7c55c8eb2798ee,2024,Plan_BSc_BC_fr.pdf,https://cdn.unifr.ch/scimed/plans/2024/Plan_BSc_BC_fr.pdf,da14c3d1aea1ec648ba5bd50ed6eca345642502e,|bachelor|150|physics,Physics,Branche principale en biochimie,scrapy_crawler\outputs\parsed_fulltext_docling_new\2a5f317cf4a9244cd2a04fdd6d7c55c8eb2798ee.txt,scrapy_crawler\outputs\parsed_fulltext_docling_new\_raw_docling_json\2a5f317cf4a9244cd2a04fdd6d7c55c8eb2798ee.json,C:\Users\Sara\OneDrive\Uni\Bachelor thesis\BA_Thesis_Dev\scrapy_crawler\outputs\pdfs\UNK_Bachelor_150_Physics_Branche_principale_en_biochimie_2a5f317cf4a9244cd2a04fdd6d7c55c8eb2798ee.pdf
809f61ed239ad05cc9053de82aef487d6b6e413e,2017,Plan_BSc_BL_de.pdf,https://cdn.unifr.ch/scimed/plans/2017/Plan_BSc_BL_de.pdf,bef71f303394a39bb6bca84dfec7ba9ddc1ab6df,|bachelor|150|physics,Physics,Hauptfach Biologie,scrapy_crawler\outputs\parsed_fulltext_docling_new\809f61ed239ad05cc9053de82aef487d6b6e413e.txt,scrapy_crawler\outputs\parsed_fulltext_docling_new\_raw_docling_json\809f61ed239ad05cc9053de82aef487d6b6e413e.json,C:\Users\Sara\OneDrive\Uni\Bachelor thesis\BA_Thesis_Dev\scrapy_crawler\outputs\pdfs\UNK_Bachelor_150_Physics_Hauptfach_Biologie_809f61ed239ad05cc9053de82aef487d6b6e413e.pdf
16bce01466088a8a73c680724fa1a52e5c6023f5,2018,Plan_BSc_BL_de.pdf,https://cdn.unifr.ch/scimed/plans/2018/Plan_BSc_BL_de.pdf,bef71f303394a39bb6bca84dfec7ba9ddc1ab6df,|bachelor|150|physics,Physics,Hauptfach Biologie,scrapy_crawler\outputs\parsed_fulltext_docling_new\16bce01466088a8a73c680724fa1a52e5c6023f5.txt,scrapy_crawler\outputs\parsed_fulltext_docling_new\_raw_docling_json\16bce01466088a8a73c680724fa1a52e5c6023f5.json,C:\Users\Sara\OneDrive\Uni\Bachelor thesis\BA_Thesis_Dev\scrapy_crawler\outputs\pdfs\UNK_Bachelor_150_Physics_Hauptfach_Biologie_16bce01466088a8a73c680724fa1a52e5c6023f5.pdf
6949c4622fec114a99745e24b2fd10e64e8a7e5c,2019,Plan_BSc_BL_de.pdf,https://cdn.unifr.ch/scimed/plans/2019/Plan_BSc_BL_de.pdf,bef71f303394a39bb6bca84dfec7ba9ddc1ab6df,|bachelor|150|physics,Physics,Hauptfach Biologie,scrapy_crawler\outputs\parsed_fulltext_docling_new\6949c4622fec114a99745e24b2fd10e64e8a7e5c.txt,scrapy_crawler\outputs\parsed_fulltext_docling_new\_raw_docling_json\6949c4622fec114a99745e24b2fd10e64e8a7e5c.json,C:\Users\Sara\OneDrive\Uni\Bachelor thesis\BA_Thesis_Dev\scrapy_crawler\outputs\pdfs\UNK_Bachelor_150_Physics_Hauptfach_Biologie_6949c4622fec114a99745e24b2fd10e64e8a7e5c.pdf
c9372c3a7d03f4669abd750b0e57b9d6dc912a2e,2020,Plan_BSc_BL_de.pdf,https://cdn.unifr.ch/scimed/plans/2020/Plan_BSc_BL_de.pdf?time=100,bef71f303394a39bb6bca84dfec7ba9ddc1ab6df,|bachelor|150|physics,Physics,Hauptfach Biologie,scrapy_crawler\outputs\parsed_fulltext_docling_new\c9372c3a7d03f4669abd750b0e57b9d6dc912a2e.txt,scrapy_crawler\outputs\parsed_fulltext_docling_new\_raw_docling_json\c9372c3a7d03f4669abd750b0e57b9d6dc912a2e.json,C:\Users\Sara\OneDrive\Uni\Bachelor thesis\BA_Thesis_Dev\scrapy_crawler\outputs\pdfs\UNK_Bachelor_150_Physics_Hauptfach_Biologie_c9372c3a7d03f4669abd750b0e57b9d6dc912a2e.pdf
e04e62c868126b02de54bee13cdd8f939913dbbb,2021,Plan_BSc_BL_de.pdf,https://cdn.unifr.ch/scimed/plans/2021/Plan_BSc_BL_de.pdf,bef71f303394a39bb6bca84dfec7ba9ddc1ab6df,|bachelor|150|physics,Physics,Hauptfach Biologie,scrapy_crawler\outputs\parsed_fulltext_docling_new\e04e62c868126b02de54bee13cdd8f939913dbbb.txt,scrapy_crawler\outputs\parsed_fulltext_docling_new\_raw_docling_json\e04e62c868126b02de54bee13cdd8f939913dbbb.json,C:\Users\Sara\OneDrive\Uni\Bachelor thesis\BA_Thesis_Dev\scrapy_crawler\outputs\pdfs\UNK_Bachelor_150_Physics_Hauptfach_Biologie_e04e62c868126b02de54bee13cdd8f939913dbbb.pdf
036ced46f0584f0d7dfe9a40eccc7954739d753e,2022,Plan_BSc_BL_de.pdf,https://cdn.unifr.ch/scimed/plans/2022/Plan_BSc_BL_de.pdf,bef71f303394a39bb6bca84dfec7ba9ddc1ab6df,|bachelor|150|physics,Physics,Hauptfach Biologie,scrapy_crawler\outputs\parsed_fulltext_docling_new\036ced46f0584f0d7dfe9a40eccc7954739d753e.txt,scrapy_crawler\outputs\parsed_fulltext_docling_new\_raw_docling_json\036ced46f0584f0d7dfe9a40eccc7954739d753e.json,C:\Users\Sara\OneDrive\Uni\Bachelor thesis\BA_Thesis_Dev\scrapy_crawler\outputs\pdfs\UNK_Bachelor_150_Physics_Hauptfach_Biologie_036ced46f0584f0d7dfe9a40eccc7954739d753e.pdf
a034fc3ee7c46c64ac9aae1401c6b66bf32ec87c,2023,Plan_BSc_BL_de.pdf,https://cdn.unifr.ch/scimed/plans/2023/Plan_BSc_BL_de.pdf,bef71f303394a39bb6bca84dfec7ba9ddc1ab6df,|bachelor|150|physics,Physics,Hauptfach Biologie,scrapy_crawler\outputs\parsed_fulltext_docling_new\a034fc3ee7c46c64ac9aae1401c6b66bf32ec87c.txt,scrapy_crawler\outputs\parsed_fulltext_docling_new\_raw_docling_json\a034fc3ee7c46c64ac9aae1401c6b66bf32ec87c.json,C:\Users\Sara\OneDrive\Uni\Bachelor thesis\BA_Thesis_Dev\scrapy_crawler\outputs\pdfs\UNK_Bachelor_150_Physics_Hauptfach_Biologie_a034fc3ee7c46c64ac9aae1401c6b66bf32ec87c.pdf
77eb575e7760ec59c5ca49588b5d73278b17f8a7,2024,Plan_BSc_BL_de.pdf,https://cdn.unifr.ch/scimed/plans/2024/Plan_BSc_BL_de.pdf,bef71f303394a39bb6bca84dfec7ba9ddc1ab6df,|bachelor|150|physics,Physics,Hauptfach Biologie,scrapy_crawler\outputs\parsed_fulltext_docling_new\77eb575e7760ec59c5ca49588b5d73278b17f8a7.txt,scrapy_crawler\outputs\parsed_fulltext_docling_new\_raw_docling_json\77eb575e7760ec59c5ca49588b5d73278b17f8a7.json,C:\Users\Sara\OneDrive\Uni\Bachelor thesis\BA_Thesis_Dev\scrapy_crawler\outputs\pdfs\UNK_Bachelor_150_Physics_Hauptfach_Biologie_77eb575e7760ec59c5ca49588b5d73278b17f8a7.pdf
cc76a7c5ebf407a3a8d7deb38571af0c4b7f44a7,2017,Plan_BSc_BL_fr.pdf,https://cdn.unifr.ch/scimed/plans/2017/Plan_BSc_BL_fr.pdf,551716d7a8511f89753b498bbe02ec73cd97ea36,|bachelor|150|physics,Physics,Branche principale en biologie,scrapy_crawler\outputs\parsed_fulltext_docling_new\cc76a7c5ebf407a3a8d7deb38571af0c4b7f44a7.txt,scrapy_crawler\outputs\parsed_fulltext_docling_new\_raw_docling_json\cc76a7c5ebf407a3a8d7deb38571af0c4b7f44a7.json,C:\Users\Sara\OneDrive\Uni\Bachelor thesis\BA_Thesis_Dev\scrapy_crawler\outputs\pdfs\UNK_Bachelor_150_Physics_Branche_principale_en_biologie_cc76a7c5ebf407a3a8d7deb38571af0c4b7f44a7.pdf
b3159df61074ab16eb49a542487145bda69c85b4,2018,Plan_BSc_BL_fr.pdf,https://cdn.unifr.ch/scimed/plans/2018/Plan_BSc_BL_fr.pdf,551716d7a8511f89753b498bbe02ec73cd97ea36,|bachelor|150|physics,Physics,Branche principale en biologie,scrapy_crawler\outputs\parsed_fulltext_docling_new\b3159df61074ab16eb49a542487145bda69c85b4.txt,scrapy_crawler\outputs\parsed_fulltext_docling_new\_raw_docling_json\b3159df61074ab16eb49a542487145bda69c85b4.json,C:\Users\Sara\OneDrive\Uni\Bachelor thesis\BA_Thesis_Dev\scrapy_crawler\outputs\pdfs\UNK_Bachelor_150_Physics_Branche_principale_en_biologie_b3159df61074ab16eb49a542487145bda69c85b4.pdf
e0ba9372bf1ce9c4ea6832afd83aebf0296cce89,2019,Plan_BSc_BL_fr.pdf,https://cdn.unifr.ch/scimed/plans/2019/Plan_BSc_BL_fr.pdf,551716d7a8511f89753b498bbe02ec73cd97ea36,|bachelor|150|physics,Physics,Branche principale en biologie,scrapy_crawler\outputs\parsed_fulltext_docling_new\e0ba9372bf1ce9c4ea6832afd83aebf0296cce89.txt,scrapy_crawler\outputs\parsed_fulltext_docling_new\_raw_docling_json\e0ba9372bf1ce9c4ea6832afd83aebf0296cce89.json,C:\Users\Sara\OneDrive\Uni\Bachelor thesis\BA_Thesis_Dev\scrapy_crawler\outputs\pdfs\UNK_Bachelor_150_Physics_Branche_principale_en_biologie_e0ba9372bf1ce9c4ea6832afd83aebf0296cce89.pdf
46f8c31d0b04d2eb12dc4bbf3cb27b37c63f01dd,2021,Plan_BSc_BL_fr.pdf,https://cdn.unifr.ch/scimed/plans/2021/Plan_BSc_BL_fr.pdf?time=100,551716d7a8511f89753b498bbe02ec73cd97ea36,|bachelor|150|physics,Physics,Branche principale en biologie,scrapy_crawler\outputs\parsed_fulltext_docling_new\46f8c31d0b04d2eb12dc4bbf3cb27b37c63f01dd.txt,scrapy_crawler\outputs\parsed_fulltext_docling_new\_raw_docling_json\46f8c31d0b04d2eb12dc4bbf3cb27b37c63f01dd.json,C:\Users\Sara\OneDrive\Uni\Bachelor thesis\BA_Thesis_Dev\scrapy_crawler\outputs\pdfs\UNK_Bachelor_150_Physics_Branche_principale_en_biologie_46f8c31d0b04d2eb12dc4bbf3cb27b37c63f01dd.pdf
83adf8e43493a5530e956bb5d0dd3efa4c8204a6,2022,Plan_BSc_BL_fr.pdf,https://cdn.unifr.ch/scimed/plans/2022/Plan_BSc_BL_fr.pdf,551716d7a8511f89753b498bbe02ec73cd97ea36,|bachelor|150|physics,Physics,Branche principale en biologie,scrapy_crawler\outputs\parsed_fulltext_docling_new\83adf8e43493a5530e956bb5d0dd3efa4c8204a6.txt,scrapy_crawler\outputs\parsed_fulltext_docling_new\_raw_docling_json\83adf8e43493a5530e956bb5d0dd3efa4c8204a6.json,C:\Users\Sara\OneDrive\Uni\Bachelor thesis\BA_Thesis_Dev\scrapy_crawler\outputs\pdfs\UNK_Bachelor_150_Physics_Branche_principale_en_biologie_83adf8e43493a5530e956bb5d0dd3efa4c8204a6.pdf
107d8f1f1769ddb6b81b2b426df335223306a51d,2023,Plan_BSc_BL_fr.pdf,https://cdn.unifr.ch/scimed/plans/2023/Plan_BSc_BL_fr.pdf,551716d7a8511f89753b498bbe02ec73cd97ea36,|bachelor|150|physics,Physics,Branche principale en biologie,scrapy_crawler\outputs\parsed_fulltext_docling_new\107d8f1f1769ddb6b81b2b426df335223306a51d.txt,scrapy_crawler\outputs\parsed_fulltext_docling_new\_raw_docling_json\107d8f1f1769ddb6b81b2b426df335223306a51d.json,C:\Users\Sara\OneDrive\Uni\Bachelor thesis\BA_Thesis_Dev\scrapy_crawler\outputs\pdfs\UNK_Bachelor_150_Physics_Branche_principale_en_biologie_107d8f1f1769ddb6b81b2b426df335223306a51d.pdf
866b39de83caa5791aa93dacc860cd9389dde125,2024,Plan_BSc_BL_fr.pdf,https://cdn.unifr.ch/scimed/plans/2024/Plan_BSc_BL_fr.pdf,551716d7a8511f89753b498bbe02ec73cd97ea36,|bachelor|150|physics,Physics,Branche principale en biologie,scrapy_crawler\outputs\parsed_fulltext_docling_new\866b39de83caa5791aa93dacc860cd9389dde125.txt,scrapy_crawler\outputs\parsed_fulltext_docling_new\_raw_docling_json\866b39de83caa5791aa93dacc860cd9389dde125.json,C:\Users\Sara\OneDrive\Uni\Bachelor thesis\BA_Thesis_Dev\scrapy_crawler\outputs\pdfs\UNK_Bachelor_150_Physics_Branche_principale_en_biologie_866b39de83caa5791aa93dacc860cd9389dde125.pdf
2f704a99e0affab7448fa93fb7312c0fa9435c0d,2023,Plan_BSc_CH_120_de.pdf,https://cdn.unifr.ch/scimed/plans/2023/Plan_BSc_CH_120_de.pdf,49650c72272467ca2592ead29f31c61abd821240,|bachelor|150|physics,Physics,"Hauptfach Chemie, option Unterricht (New!)",scrapy_crawler\outputs\parsed_fulltext_docling_new\2f704a99e0affab7448fa93fb7312c0fa9435c0d.txt,scrapy_crawler\outputs\parsed_fulltext_docling_new\_raw_docling_json\2f704a99e0affab7448fa93fb7312c0fa9435c0d.json,C:\Users\Sara\OneDrive\Uni\Bachelor thesis\BA_Thesis_Dev\scrapy_crawler\outputs\pdfs\UNK_Bachelor_150_Physics_Hauptfach_Chemie_option_Unterricht_New__2f704a99e0affab7448fa93fb7312c0fa9435c0d.pdf
e4f62d3f4b65b0a6a8c17ce2c0b150847ec8e496,2024,Plan_BSc_CH_120_de.pdf,https://cdn.unifr.ch/scimed/plans/2024/Plan_BSc_CH_120_de.pdf,49650c72272467ca2592ead29f31c61abd821240,|bachelor|150|physics,Physics,"Hauptfach Chemie, option Unterricht",scrapy_crawler\outputs\parsed_fulltext_docling_new\e4f62d3f4b65b0a6a8c17ce2c0b150847ec8e496.txt,scrapy_crawler\outputs\parsed_fulltext_docling_new\_raw_docling_json\e4f62d3f4b65b0a6a8c17ce2c0b150847ec8e496.json,C:\Users\Sara\OneDrive\Uni\Bachelor thesis\BA_Thesis_Dev\scrapy_crawler\outputs\pdfs\UNK_Bachelor_150_Physics_Hauptfach_Chemie_option_Unterricht_e4f62d3f4b65b0a6a8c17ce2c0b150847ec8e496.pdf
23256459b17326891c0b82da6fd1f0920850825d,2023,Plan_BSc_CH_120_fr.pdf,https://cdn.unifr.ch/scimed/plans/2023/Plan_BSc_CH_120_fr.pdf,57c72bddbaf85d371835be179dace78b5ce96966,|bachelor|150|physics,Physics,Branche principale en chimie - option enseignement (New!),scrapy_crawler\outputs\parsed_fulltext_docling_new\23256459b17326891c0b82da6fd1f0920850825d.txt,scrapy_crawler\outputs\parsed_fulltext_docling_new\_raw_docling_json\23256459b17326891c0b82da6fd1f0920850825d.json,C:\Users\Sara\OneDrive\Uni\Bachelor thesis\BA_Thesis_Dev\scrapy_crawler\outputs\pdfs\UNK_Bachelor_150_Physics_Branche_principale_en_chimie_-_option_enseignement_New__23256459b17326891c0b82da6fd1f0920850825d.pdf
a22a94ccf0c9882fe955f65c83d617795217b680,2024,Plan_BSc_CH_120_fr.pdf,https://cdn.unifr.ch/scimed/plans/2024/Plan_BSc_CH_120_fr.pdf,57c72bddbaf85d371835be179dace78b5ce96966,|bachelor|150|physics,Physics,Branche principale en chimie - option enseignement (New!),scrapy_crawler\outputs\parsed_fulltext_docling_new\a22a94ccf0c9882fe955f65c83d617795217b680.txt,scrapy_crawler\outputs\parsed_fulltext_docling_new\_raw_docling_json\a22a94ccf0c9882fe955f65c83d617795217b680.json,C:\Users\Sara\OneDrive\Uni\Bachelor thesis\BA_Thesis_Dev\scrapy_crawler\outputs\pdfs\UNK_Bachelor_150_Physics_Branche_principale_en_chimie_-_option_enseignement_New__a22a94ccf0c9882fe955f65c83d617795217b680.pdf
4efdc5ebad978a510678dba9ad9423e478da7c4a,2017,Plan_BSc_CH_de.pdf,https://cdn.unifr.ch/scimed/plans/2017/Plan_BSc_CH_de.pdf,d214d71f89dac9eb5e672d3ab2c13b62780cfd80,|bachelor|150|physics,Physics,Hauptfach Chemie,scrapy_crawler\outputs\parsed_fulltext_docling_new\4efdc5ebad978a510678dba9ad9423e478da7c4a.txt,scrapy_crawler\outputs\parsed_fulltext_docling_new\_raw_docling_json\4efdc5ebad978a510678dba9ad9423e478da7c4a.json,C:\Users\Sara\OneDrive\Uni\Bachelor thesis\BA_Thesis_Dev\scrapy_crawler\outputs\pdfs\UNK_Bachelor_150_Physics_Hauptfach_Chemie_4efdc5ebad978a510678dba9ad9423e478da7c4a.pdf
ae1137f18ec3e09245a7f2770ecb88315db67fc3,2018,Plan_BSc_CH_de.pdf,https://cdn.unifr.ch/scimed/plans/2018/Plan_BSc_CH_de.pdf,d214d71f89dac9eb5e672d3ab2c13b62780cfd80,|bachelor|150|physics,Physics,Hauptfach Chemie,scrapy_crawler\outputs\parsed_fulltext_docling_new\ae1137f18ec3e09245a7f2770ecb88315db67fc3.txt,scrapy_crawler\outputs\parsed_fulltext_docling_new\_raw_docling_json\ae1137f18ec3e09245a7f2770ecb88315db67fc3.json,C:\Users\Sara\OneDrive\Uni\Bachelor thesis\BA_Thesis_Dev\scrapy_crawler\outputs\pdfs\UNK_Bachelor_150_Physics_Hauptfach_Chemie_ae1137f18ec3e09245a7f2770ecb88315db67fc3.pdf
dae7ccaac54c598844e4e86ebb56b5a57bc9e9fe,2019,Plan_BSc_CH_de.pdf,https://cdn.unifr.ch/scimed/plans/2019/Plan_BSc_CH_de.pdf,d214d71f89dac9eb5e672d3ab2c13b62780cfd80,|bachelor|150|physics,Physics,Hauptfach Chemie,scrapy_crawler\outputs\parsed_fulltext_docling_new\dae7ccaac54c598844e4e86ebb56b5a57bc9e9fe.txt,scrapy_crawler\outputs\parsed_fulltext_docling_new\_raw_docling_json\dae7ccaac54c598844e4e86ebb56b5a57bc9e9fe.json,C:\Users\Sara\OneDrive\Uni\Bachelor thesis\BA_Thesis_Dev\scrapy_crawler\outputs\pdfs\UNK_Bachelor_150_Physics_Hauptfach_Chemie_dae7ccaac54c598844e4e86ebb56b5a57bc9e9fe.pdf
cc96e8ee0583e1b0dfc149063336a570645222a5,2020,Plan_BSc_CH_de.pdf,https://cdn.unifr.ch/scimed/plans/2020/Plan_BSc_CH_de.pdf?time=100,d214d71f89dac9eb5e672d3ab2c13b62780cfd80,|bachelor|150|physics,Physics,Hauptfach Chemie,scrapy_crawler\outputs\parsed_fulltext_docling_new\cc96e8ee0583e1b0dfc149063336a570645222a5.txt,scrapy_crawler\outputs\parsed_fulltext_docling_new\_raw_docling_json\cc96e8ee0583e1b0dfc149063336a570645222a5.json,C:\Users\Sara\OneDrive\Uni\Bachelor thesis\BA_Thesis_Dev\scrapy_crawler\outputs\pdfs\UNK_Bachelor_150_Physics_Hauptfach_Chemie_cc96e8ee0583e1b0dfc149063336a570645222a5.pdf
c9e299df5e1e5d48493016a42315b9891b7f0555,2021,Plan_BSc_CH_de.pdf,https://cdn.unifr.ch/scimed/plans/2021/Plan_BSc_CH_de.pdf,d214d71f89dac9eb5e672d3ab2c13b62780cfd80,|bachelor|150|physics,Physics,Hauptfach Chemie,scrapy_crawler\outputs\parsed_fulltext_docling_new\c9e299df5e1e5d48493016a42315b9891b7f0555.txt,scrapy_crawler\outputs\parsed_fulltext_docling_new\_raw_docling_json\c9e299df5e1e5d48493016a42315b9891b7f0555.json,C:\Users\Sara\OneDrive\Uni\Bachelor thesis\BA_Thesis_Dev\scrapy_crawler\outputs\pdfs\UNK_Bachelor_150_Physics_Hauptfach_Chemie_c9e299df5e1e5d48493016a42315b9891b7f0555.pdf
e5e4b35f92a5b2e562c591b0fd16b22988ab54c6,2022,Plan_BSc_CH_de.pdf,https://cdn.unifr.ch/scimed/plans/2022/Plan_BSc_CH_de.pdf,d214d71f89dac9eb5e672d3ab2c13b62780cfd80,|bachelor|150|physics,Physics,Hauptfach Chemie,scrapy_crawler\outputs\parsed_fulltext_docling_new\e5e4b35f92a5b2e562c591b0fd16b22988ab54c6.txt,scrapy_crawler\outputs\parsed_fulltext_docling_new\_raw_docling_json\e5e4b35f92a5b2e562c591b0fd16b22988ab54c6.json,C:\Users\Sara\OneDrive\Uni\Bachelor thesis\BA_Thesis_Dev\scrapy_crawler\outputs\pdfs\UNK_Bachelor_150_Physics_Hauptfach_Chemie_e5e4b35f92a5b2e562c591b0fd16b22988ab54c6.pdf
0d318b2c7159b72c13758068e7d9f7813e117f56,2023,Plan_BSc_CH_de.pdf,https://cdn.unifr.ch/scimed/plans/2023/Plan_BSc_CH_de.pdf,d214d71f89dac9eb5e672d3ab2c13b62780cfd80,|bachelor|150|physics,Physics,Hauptfach Chemie,scrapy_crawler\outputs\parsed_fulltext_docling_new\0d318b2c7159b72c13758068e7d9f7813e117f56.txt,scrapy_crawler\outputs\parsed_fulltext_docling_new\_raw_docling_json\0d318b2c7159b72c13758068e7d9f7813e117f56.json,C:\Users\Sara\OneDrive\Uni\Bachelor thesis\BA_Thesis_Dev\scrapy_crawler\outputs\pdfs\UNK_Bachelor_150_Physics_Hauptfach_Chemie_0d318b2c7159b72c13758068e7d9f7813e117f56.pdf
a930844ac5463d6437c8ca1deeb0143d690d9515,2024,Plan_BSc_CH_de.pdf,https://cdn.unifr.ch/scimed/plans/2024/Plan_BSc_CH_de.pdf,d214d71f89dac9eb5e672d3ab2c13b62780cfd80,|bachelor|150|physics,Physics,Hauptfach Chemie,scrapy_crawler\outputs\parsed_fulltext_docling_new\a930844ac5463d6437c8ca1deeb0143d690d9515.txt,scrapy_crawler\outputs\parsed_fulltext_docling_new\_raw_docling_json\a930844ac5463d6437c8ca1deeb0143d690d9515.json,C:\Users\Sara\OneDrive\Uni\Bachelor thesis\BA_Thesis_Dev\scrapy_crawler\outputs\pdfs\UNK_Bachelor_150_Physics_Hauptfach_Chemie_a930844ac5463d6437c8ca1deeb0143d690d9515.pdf
f83c9c817780e2b8a91d17ffa5dcc7dcd388c888,2017,Plan_BSc_CH_fr.pdf,https://cdn.unifr.ch/scimed/plans/2017/Plan_BSc_CH_fr.pdf,6d5b649d8c1defaedd0903d41274fc515928cf3c,|bachelor|150|physics,Physics,Branche principale en chimie,scrapy_crawler\outputs\parsed_fulltext_docling_new\f83c9c817780e2b8a91d17ffa5dcc7dcd388c888.txt,scrapy_crawler\outputs\parsed_fulltext_docling_new\_raw_docling_json\f83c9c817780e2b8a91d17ffa5dcc7dcd388c888.json,C:\Users\Sara\OneDrive\Uni\Bachelor thesis\BA_Thesis_Dev\scrapy_crawler\outputs\pdfs\UNK_Bachelor_150_Physics_Branche_principale_en_chimie_f83c9c817780e2b8a91d17ffa5dcc7dcd388c888.pdf
45d888a6c16c5d375118fde797e1a1a389877a85,2018,Plan_BSc_CH_fr.pdf,https://cdn.unifr.ch/scimed/plans/2018/Plan_BSc_CH_fr.pdf,6d5b649d8c1defaedd0903d41274fc515928cf3c,|bachelor|150|physics,Physics,Branche principale en chimie,scrapy_crawler\outputs\parsed_fulltext_docling_new\45d888a6c16c5d375118fde797e1a1a389877a85.txt,scrapy_crawler\outputs\parsed_fulltext_docling_new\_raw_docling_json\45d888a6c16c5d375118fde797e1a1a389877a85.json,C:\Users\Sara\OneDrive\Uni\Bachelor thesis\BA_Thesis_Dev\scrapy_crawler\outputs\pdfs\UNK_Bachelor_150_Physics_Branche_principale_en_chimie_45d888a6c16c5d375118fde797e1a1a389877a85.pdf
da1272ec894c6f1807d88c161f28897ec968984f,2019,Plan_BSc_CH_fr.pdf,https://cdn.unifr.ch/scimed/plans/2019/Plan_BSc_CH_fr.pdf,6d5b649d8c1defaedd0903d41274fc515928cf3c,|bachelor|150|physics,Physics,Branche principale en chimie,scrapy_crawler\outputs\parsed_fulltext_docling_new\da1272ec894c6f1807d88c161f28897ec968984f.txt,scrapy_crawler\outputs\parsed_fulltext_docling_new\_raw_docling_json\da1272ec894c6f1807d88c161f28897ec968984f.json,C:\Users\Sara\OneDrive\Uni\Bachelor thesis\BA_Thesis_Dev\scrapy_crawler\outputs\pdfs\UNK_Bachelor_150_Physics_Branche_principale_en_chimie_da1272ec894c6f1807d88c161f28897ec968984f.pdf
4139b81c05b7d58fa0c908c616e9037ed753c9bc,2020,Plan_BSc_CH_fr.pdf,https://cdn.unifr.ch/scimed/plans/2020/Plan_BSc_CH_fr.pdf,6d5b649d8c1defaedd0903d41274fc515928cf3c,|bachelor|150|physics,Physics,Branche principale en chimie,scrapy_crawler\outputs\parsed_fulltext_docling_new\4139b81c05b7d58fa0c908c616e9037ed753c9bc.txt,scrapy_crawler\outputs\parsed_fulltext_docling_new\_raw_docling_json\4139b81c05b7d58fa0c908c616e9037ed753c9bc.json,C:\Users\Sara\OneDrive\Uni\Bachelor thesis\BA_Thesis_Dev\scrapy_crawler\outputs\pdfs\UNK_Bachelor_150_Physics_Branche_principale_en_chimie_4139b81c05b7d58fa0c908c616e9037ed753c9bc.pdf
a7d38bb6846bab74b8a6170067a79af7c2ad492d,2021,Plan_BSc_CH_fr.pdf,https://cdn.unifr.ch/scimed/plans/2021/Plan_BSc_CH_fr.pdf?time=100,6d5b649d8c1defaedd0903d41274fc515928cf3c,|bachelor|150|physics,Physics,Branche principale en chimie,scrapy_crawler\outputs\parsed_fulltext_docling_new\a7d38bb6846bab74b8a6170067a79af7c2ad492d.txt,scrapy_crawler\outputs\parsed_fulltext_docling_new\_raw_docling_json\a7d38bb6846bab74b8a6170067a79af7c2ad492d.json,C:\Users\Sara\OneDrive\Uni\Bachelor thesis\BA_Thesis_Dev\scrapy_crawler\outputs\pdfs\UNK_Bachelor_150_Physics_Branche_principale_en_chimie_a7d38bb6846bab74b8a6170067a79af7c2ad492d.pdf
f9d73350d6a06fc2a07d6d1e40d129b205ff9f19,2022,Plan_BSc_CH_fr.pdf,https://cdn.unifr.ch/scimed/plans/2022/Plan_BSc_CH_fr.pdf,6d5b649d8c1defaedd0903d41274fc515928cf3c,|bachelor|150|physics,Physics,Branche principale en chimie,scrapy_crawler\outputs\parsed_fulltext_docling_new\f9d73350d6a06fc2a07d6d1e40d129b205ff9f19.txt,scrapy_crawler\outputs\parsed_fulltext_docling_new\_raw_docling_json\f9d73350d6a06fc2a07d6d1e40d129b205ff9f19.json,C:\Users\Sara\OneDrive\Uni\Bachelor thesis\BA_Thesis_Dev\scrapy_crawler\outputs\pdfs\UNK_Bachelor_150_Physics_Branche_principale_en_chimie_f9d73350d6a06fc2a07d6d1e40d129b205ff9f19.pdf
ac0fc00c9bba5fe4da766352f7ece17455914e16,2023,Plan_BSc_CH_fr.pdf,https://cdn.unifr.ch/scimed/plans/2023/Plan_BSc_CH_fr.pdf,6d5b649d8c1defaedd0903d41274fc515928cf3c,|bachelor|150|physics,Physics,Branche principale en chimie,scrapy_crawler\outputs\parsed_fulltext_docling_new\ac0fc00c9bba5fe4da766352f7ece17455914e16.txt,scrapy_crawler\outputs\parsed_fulltext_docling_new\_raw_docling_json\ac0fc00c9bba5fe4da766352f7ece17455914e16.json,C:\Users\Sara\OneDrive\Uni\Bachelor thesis\BA_Thesis_Dev\scrapy_crawler\outputs\pdfs\UNK_Bachelor_150_Physics_Branche_principale_en_chimie_ac0fc00c9bba5fe4da766352f7ece17455914e16.pdf
3dcad788781a37dfd461d254a74dbf471331650f,2024,Plan_BSc_CH_fr.pdf,https://cdn.unifr.ch/scimed/plans/2024/Plan_BSc_CH_fr.pdf,6d5b649d8c1defaedd0903d41274fc515928cf3c,|bachelor|150|physics,Physics,Branche principale en chimie,scrapy_crawler\outputs\parsed_fulltext_docling_new\3dcad788781a37dfd461d254a74dbf471331650f.txt,scrapy_crawler\outputs\parsed_fulltext_docling_new\_raw_docling_json\3dcad788781a37dfd461d254a74dbf471331650f.json,C:\Users\Sara\OneDrive\Uni\Bachelor thesis\BA_Thesis_Dev\scrapy_crawler\outputs\pdfs\UNK_Bachelor_150_Physics_Branche_principale_en_chimie_3dcad788781a37dfd461d254a74dbf471331650f.pdf
f042d9989a5294b18fefb234ad301bca48c80677,2017,Plan_BSc_GG_de.pdf,https://cdn.unifr.ch/scimed/plans/2017/Plan_BSc_GG_de.pdf,070aa002d109da2c8a25ec108c75349f68d5c9b8,|bachelor|150|physics,Physics,Hauptfach Geographie,scrapy_crawler\outputs\parsed_fulltext_docling_new\f042d9989a5294b18fefb234ad301bca48c80677.txt,scrapy_crawler\outputs\parsed_fulltext_docling_new\_raw_docling_json\f042d9989a5294b18fefb234ad301bca48c80677.json,C:\Users\Sara\OneDrive\Uni\Bachelor thesis\BA_Thesis_Dev\scrapy_crawler\outputs\pdfs\UNK_Bachelor_150_Physics_Hauptfach_Geographie_f042d9989a5294b18fefb234ad301bca48c80677.pdf
0dafc411bab1bf7becebea4aa747541409b33195,2018,Plan_BSc_GG_de.pdf,https://cdn.unifr.ch/scimed/plans/2018/Plan_BSc_GG_de.pdf,070aa002d109da2c8a25ec108c75349f68d5c9b8,|bachelor|150|physics,Physics,Hauptfach Geographie,scrapy_crawler\outputs\parsed_fulltext_docling_new\0dafc411bab1bf7becebea4aa747541409b33195.txt,scrapy_crawler\outputs\parsed_fulltext_docling_new\_raw_docling_json\0dafc411bab1bf7becebea4aa747541409b33195.json,C:\Users\Sara\OneDrive\Uni\Bachelor thesis\BA_Thesis_Dev\scrapy_crawler\outputs\pdfs\UNK_Bachelor_150_Physics_Hauptfach_Geographie_0dafc411bab1bf7becebea4aa747541409b33195.pdf
db2755ca758cac54c17a1ef7f2d4f52e270a0f58,2019,Plan_BSc_GG_de.pdf,https://cdn.unifr.ch/scimed/plans/2019/Plan_BSc_GG_de.pdf,070aa002d109da2c8a25ec108c75349f68d5c9b8,|bachelor|150|physics,Physics,Hauptfach Geographie,scrapy_crawler\outputs\parsed_fulltext_docling_new\db2755ca758cac54c17a1ef7f2d4f52e270a0f58.txt,scrapy_crawler\outputs\parsed_fulltext_docling_new\_raw_docling_json\db2755ca758cac54c17a1ef7f2d4f52e270a0f58.json,C:\Users\Sara\OneDrive\Uni\Bachelor thesis\BA_Thesis_Dev\scrapy_crawler\outputs\pdfs\UNK_Bachelor_150_Physics_Hauptfach_Geographie_db2755ca758cac54c17a1ef7f2d4f52e270a0f58.pdf
006e727768a3eec8a4865e0375964aaa3c124ac8,2020,Plan_BSc_GG_de.pdf,https://cdn.unifr.ch/scimed/plans/2020/Plan_BSc_GG_de.pdf?time=100,070aa002d109da2c8a25ec108c75349f68d5c9b8,|bachelor|150|physics,Physics,Hauptfach Geographie,scrapy_crawler\outputs\parsed_fulltext_docling_new\006e727768a3eec8a4865e0375964aaa3c124ac8.txt,scrapy_crawler\outputs\parsed_fulltext_docling_new\_raw_docling_json\006e727768a3eec8a4865e0375964aaa3c124ac8.json,C:\Users\Sara\OneDrive\Uni\Bachelor thesis\BA_Thesis_Dev\scrapy_crawler\outputs\pdfs\UNK_Bachelor_150_Physics_Hauptfach_Geographie_006e727768a3eec8a4865e0375964aaa3c124ac8.pdf
da265e718a91a3b0058b1319bc7aea65a2775f7d,2021,Plan_BSc_GG_de.pdf,https://cdn.unifr.ch/scimed/plans/2021/Plan_BSc_GG_de.pdf,070aa002d109da2c8a25ec108c75349f68d5c9b8,|bachelor|150|physics,Physics,Hauptfach Geographie,scrapy_crawler\outputs\parsed_fulltext_docling_new\da265e718a91a3b0058b1319bc7aea65a2775f7d.txt,scrapy_crawler\outputs\parsed_fulltext_docling_new\_raw_docling_json\da265e718a91a3b0058b1319bc7aea65a2775f7d.json,C:\Users\Sara\OneDrive\Uni\Bachelor thesis\BA_Thesis_Dev\scrapy_crawler\outputs\pdfs\UNK_Bachelor_150_Physics_Hauptfach_Geographie_da265e718a91a3b0058b1319bc7aea65a2775f7d.pdf
5f516a9c869cec6dba610f4d8387d4329d467c2c,2022,Plan_BSc_GG_de.pdf,https://cdn.unifr.ch/scimed/plans/2022/Plan_BSc_GG_de.pdf,070aa002d109da2c8a25ec108c75349f68d5c9b8,|bachelor|150|physics,Physics,Hauptfach Geographie,scrapy_crawler\outputs\parsed_fulltext_docling_new\5f516a9c869cec6dba610f4d8387d4329d467c2c.txt,scrapy_crawler\outputs\parsed_fulltext_docling_new\_raw_docling_json\5f516a9c869cec6dba610f4d8387d4329d467c2c.json,C:\Users\Sara\OneDrive\Uni\Bachelor thesis\BA_Thesis_Dev\scrapy_crawler\outputs\pdfs\UNK_Bachelor_150_Physics_Hauptfach_Geographie_5f516a9c869cec6dba610f4d8387d4329d467c2c.pdf
a1dab1c1e26dcf8fb2ce89120a5f34ccfcc96a28,2023,Plan_BSc_GG_de.pdf,https://cdn.unifr.ch/scimed/plans/2023/Plan_BSc_GG_de.pdf,070aa002d109da2c8a25ec108c75349f68d5c9b8,|bachelor|150|physics,Physics,Hauptfach Geographie,scrapy_crawler\outputs\parsed_fulltext_docling_new\a1dab1c1e26dcf8fb2ce89120a5f34ccfcc96a28.txt,scrapy_crawler\outputs\parsed_fulltext_docling_new\_raw_docling_json\a1dab1c1e26dcf8fb2ce89120a5f34ccfcc96a28.json,C:\Users\Sara\OneDrive\Uni\Bachelor thesis\BA_Thesis_Dev\scrapy_crawler\outputs\pdfs\UNK_Bachelor_150_Physics_Hauptfach_Geographie_a1dab1c1e26dcf8fb2ce89120a5f34ccfcc96a28.pdf
c32f8102526f16310005f7ea958e422540555643,2024,Plan_BSc_GG_de.pdf,https://cdn.unifr.ch/scimed/plans/2024/Plan_BSc_GG_de.pdf,070aa002d109da2c8a25ec108c75349f68d5c9b8,|bachelor|150|physics,Physics,Hauptfach Geographie,scrapy_crawler\outputs\parsed_fulltext_docling_new\c32f8102526f16310005f7ea958e422540555643.txt,scrapy_crawler\outputs\parsed_fulltext_docling_new\_raw_docling_json\c32f8102526f16310005f7ea958e422540555643.json,C:\Users\Sara\OneDrive\Uni\Bachelor thesis\BA_Thesis_Dev\scrapy_crawler\outputs\pdfs\UNK_Bachelor_150_Physics_Hauptfach_Geographie_c32f8102526f16310005f7ea958e422540555643.pdf
2c373ef5798feae49de8619f03fbf2710c6dfc22,2017,Plan_BSc_GG_fr.pdf,https://cdn.unifr.ch/scimed/plans/2017/Plan_BSc_GG_fr.pdf,29cae076e368e5413f314c473c2231374cbc81b4,|bachelor|150|physics,Physics,Branche principale en géographie,scrapy_crawler\outputs\parsed_fulltext_docling_new\2c373ef5798feae49de8619f03fbf2710c6dfc22.txt,scrapy_crawler\outputs\parsed_fulltext_docling_new\_raw_docling_json\2c373ef5798feae49de8619f03fbf2710c6dfc22.json,C:\Users\Sara\OneDrive\Uni\Bachelor thesis\BA_Thesis_Dev\scrapy_crawler\outputs\pdfs\UNK_Bachelor_150_Physics_Branche_principale_en_g_ographie_2c373ef5798feae49de8619f03fbf2710c6dfc22.pdf
03f7155b4bbc399feb5488f3f26aaf0cba70f330,2018,Plan_BSc_GG_fr.pdf,https://cdn.unifr.ch/scimed/plans/2018/Plan_BSc_GG_fr.pdf,29cae076e368e5413f314c473c2231374cbc81b4,|bachelor|150|physics,Physics,Branche principale en géographie,scrapy_crawler\outputs\parsed_fulltext_docling_new\03f7155b4bbc399feb5488f3f26aaf0cba70f330.txt,scrapy_crawler\outputs\parsed_fulltext_docling_new\_raw_docling_json\03f7155b4bbc399feb5488f3f26aaf0cba70f330.json,C:\Users\Sara\OneDrive\Uni\Bachelor thesis\BA_Thesis_Dev\scrapy_crawler\outputs\pdfs\UNK_Bachelor_150_Physics_Branche_principale_en_g_ographie_03f7155b4bbc399feb5488f3f26aaf0cba70f330.pdf
75a1e53ea7ce4fefff0afcca540bbb74349a0bfe,2019,Plan_BSc_GG_fr.pdf,https://cdn.unifr.ch/scimed/plans/2019/Plan_BSc_GG_fr.pdf,29cae076e368e5413f314c473c2231374cbc81b4,|bachelor|150|physics,Physics,Branche principale en géographie,scrapy_crawler\outputs\parsed_fulltext_docling_new\75a1e53ea7ce4fefff0afcca540bbb74349a0bfe.txt,scrapy_crawler\outputs\parsed_fulltext_docling_new\_raw_docling_json\75a1e53ea7ce4fefff0afcca540bbb74349a0bfe.json,C:\Users\Sara\OneDrive\Uni\Bachelor thesis\BA_Thesis_Dev\scrapy_crawler\outputs\pdfs\UNK_Bachelor_150_Physics_Branche_principale_en_g_ographie_75a1e53ea7ce4fefff0afcca540bbb74349a0bfe.pdf
68449cc118b038bbf64224d1712cfbbaeb8c6ae6,2020,Plan_BSc_GG_fr.pdf,https://cdn.unifr.ch/scimed/plans/2020/Plan_BSc_GG_fr.pdf,29cae076e368e5413f314c473c2231374cbc81b4,|bachelor|150|physics,Physics,Branche principale en géographie,scrapy_crawler\outputs\parsed_fulltext_docling_new\68449cc118b038bbf64224d1712cfbbaeb8c6ae6.txt,scrapy_crawler\outputs\parsed_fulltext_docling_new\_raw_docling_json\68449cc118b038bbf64224d1712cfbbaeb8c6ae6.json,C:\Users\Sara\OneDrive\Uni\Bachelor thesis\BA_Thesis_Dev\scrapy_crawler\outputs\pdfs\UNK_Bachelor_150_Physics_Branche_principale_en_g_ographie_68449cc118b038bbf64224d1712cfbbaeb8c6ae6.pdf
c9a971c6f36e87b569a24a36636ff7a8c9665ace,2021,Plan_BSc_GG_fr.pdf,https://cdn.unifr.ch/scimed/plans/2021/Plan_BSc_GG_fr.pdf?time=100,29cae076e368e5413f314c473c2231374cbc81b4,|bachelor|150|physics,Physics,Branche principale en géographie,scrapy_crawler\outputs\parsed_fulltext_docling_new\c9a971c6f36e87b569a24a36636ff7a8c9665ace.txt,scrapy_crawler\outputs\parsed_fulltext_docling_new\_raw_docling_json\c9a971c6f36e87b569a24a36636ff7a8c9665ace.json,C:\Users\Sara\OneDrive\Uni\Bachelor thesis\BA_Thesis_Dev\scrapy_crawler\outputs\pdfs\UNK_Bachelor_150_Physics_Branche_principale_en_g_ographie_c9a971c6f36e87b569a24a36636ff7a8c9665ace.pdf
b63c6ccdd1760ecd9a1d958348f549d53734c93f,2022,Plan_BSc_GG_fr.pdf,https://cdn.unifr.ch/scimed/plans/2022/Plan_BSc_GG_fr.pdf,29cae076e368e5413f314c473c2231374cbc81b4,|bachelor|150|physics,Physics,Branche principale en géographie,scrapy_crawler\outputs\parsed_fulltext_docling_new\b63c6ccdd1760ecd9a1d958348f549d53734c93f.txt,scrapy_crawler\outputs\parsed_fulltext_docling_new\_raw_docling_json\b63c6ccdd1760ecd9a1d958348f549d53734c93f.json,C:\Users\Sara\OneDrive\Uni\Bachelor thesis\BA_Thesis_Dev\scrapy_crawler\outputs\pdfs\UNK_Bachelor_150_Physics_Branche_principale_en_g_ographie_b63c6ccdd1760ecd9a1d958348f549d53734c93f.pdf
a2a202aa3d53319471099ed3e5e03cef20834081,2023,Plan_BSc_GG_fr.pdf,https://cdn.unifr.ch/scimed/plans/2023/Plan_BSc_GG_fr.pdf,29cae076e368e5413f314c473c2231374cbc81b4,|bachelor|150|physics,Physics,Branche principale en géographie,scrapy_crawler\outputs\parsed_fulltext_docling_new\a2a202aa3d53319471099ed3e5e03cef20834081.txt,scrapy_crawler\outputs\parsed_fulltext_docling_new\_raw_docling_json\a2a202aa3d53319471099ed3e5e03cef20834081.json,C:\Users\Sara\OneDrive\Uni\Bachelor thesis\BA_Thesis_Dev\scrapy_crawler\outputs\pdfs\UNK_Bachelor_150_Physics_Branche_principale_en_g_ographie_a2a202aa3d53319471099ed3e5e03cef20834081.pdf
f7861302107b13607064d1edc09e6011ea4eae4c,2024,Plan_BSc_GG_fr.pdf,https://cdn.unifr.ch/scimed/plans/2024/Plan_BSc_GG_fr.pdf,29cae076e368e5413f314c473c2231374cbc81b4,|bachelor|150|physics,Physics,Branche principale en géographie,scrapy_crawler\outputs\parsed_fulltext_docling_new\f7861302107b13607064d1edc09e6011ea4eae4c.txt,scrapy_crawler\outputs\parsed_fulltext_docling_new\_raw_docling_json\f7861302107b13607064d1edc09e6011ea4eae4c.json,C:\Users\Sara\OneDrive\Uni\Bachelor thesis\BA_Thesis_Dev\scrapy_crawler\outputs\pdfs\UNK_Bachelor_150_Physics_Branche_principale_en_g_ographie_f7861302107b13607064d1edc09e6011ea4eae4c.pdf
fc26944c1bdb1a1bfa9555e985519a5f703a23f4,2017,Plan_BSc_IN_de.pdf,https://cdn.unifr.ch/scimed/plans/2017/Plan_BSc_IN_de.pdf,6c7b1bc96d788ec3aa95228cda100a4822466f6c,|bachelor|150|physics,Physics,Hauptfach Informatik,scrapy_crawler\outputs\parsed_fulltext_docling_new\fc26944c1bdb1a1bfa9555e985519a5f703a23f4.txt,scrapy_crawler\outputs\parsed_fulltext_docling_new\_raw_docling_json\fc26944c1bdb1a1bfa9555e985519a5f703a23f4.json,C:\Users\Sara\OneDrive\Uni\Bachelor thesis\BA_Thesis_Dev\scrapy_crawler\outputs\pdfs\UNK_Bachelor_150_Physics_Hauptfach_Informatik_fc26944c1bdb1a1bfa9555e985519a5f703a23f4.pdf
d13acfb3ed7e5aac59c0f1d382c1e768af254d71,2018,Plan_BSc_IN_de.pdf,https://cdn.unifr.ch/scimed/plans/2018/Plan_BSc_IN_de.pdf,6c7b1bc96d788ec3aa95228cda100a4822466f6c,|bachelor|150|physics,Physics,Hauptfach Informatik,scrapy_crawler\outputs\parsed_fulltext_docling_new\d13acfb3ed7e5aac59c0f1d382c1e768af254d71.txt,scrapy_crawler\outputs\parsed_fulltext_docling_new\_raw_docling_json\d13acfb3ed7e5aac59c0f1d382c1e768af254d71.json,C:\Users\Sara\OneDrive\Uni\Bachelor thesis\BA_Thesis_Dev\scrapy_crawler\outputs\pdfs\UNK_Bachelor_150_Physics_Hauptfach_Informatik_d13acfb3ed7e5aac59c0f1d382c1e768af254d71.pdf
11cd8a01e9e66978c2cc038a21b9a66f7e105eb3,2019,Plan_BSc_IN_de.pdf,https://cdn.unifr.ch/scimed/plans/2019/Plan_BSc_IN_de.pdf,6c7b1bc96d788ec3aa95228cda100a4822466f6c,|bachelor|150|physics,Physics,Hauptfach Informatik,scrapy_crawler\outputs\parsed_fulltext_docling_new\11cd8a01e9e66978c2cc038a21b9a66f7e105eb3.txt,scrapy_crawler\outputs\parsed_fulltext_docling_new\_raw_docling_json\11cd8a01e9e66978c2cc038a21b9a66f7e105eb3.json,C:\Users\Sara\OneDrive\Uni\Bachelor thesis\BA_Thesis_Dev\scrapy_crawler\outputs\pdfs\UNK_Bachelor_150_Physics_Hauptfach_Informatik_11cd8a01e9e66978c2cc038a21b9a66f7e105eb3.pdf
5bc7cc9d4722b22f538a583d500baf02bc964251,2020,Plan_BSc_IN_de.pdf,https://cdn.unifr.ch/scimed/plans/2020/Plan_BSc_IN_de.pdf?time=100,6c7b1bc96d788ec3aa95228cda100a4822466f6c,|bachelor|150|physics,Physics,Hauptfach Informatik,scrapy_crawler\outputs\parsed_fulltext_docling_new\5bc7cc9d4722b22f538a583d500baf02bc964251.txt,scrapy_crawler\outputs\parsed_fulltext_docling_new\_raw_docling_json\5bc7cc9d4722b22f538a583d500baf02bc964251.json,C:\Users\Sara\OneDrive\Uni\Bachelor thesis\BA_Thesis_Dev\scrapy_crawler\outputs\pdfs\UNK_Bachelor_150_Physics_Hauptfach_Informatik_5bc7cc9d4722b22f538a583d500baf02bc964251.pdf
98149fa8335e82700295665c1fbc5660eb79af45,2021,Plan_BSc_IN_de.pdf,https://cdn.unifr.ch/scimed/plans/2021/Plan_BSc_IN_de.pdf,6c7b1bc96d788ec3aa95228cda100a4822466f6c,|bachelor|150|physics,Physics,Hauptfach Informatik,scrapy_crawler\outputs\parsed_fulltext_docling_new\98149fa8335e82700295665c1fbc5660eb79af45.txt,scrapy_crawler\outputs\parsed_fulltext_docling_new\_raw_docling_json\98149fa8335e82700295665c1fbc5660eb79af45.json,C:\Users\Sara\OneDrive\Uni\Bachelor thesis\BA_Thesis_Dev\scrapy_crawler\outputs\pdfs\UNK_Bachelor_150_Physics_Hauptfach_Informatik_98149fa8335e82700295665c1fbc5660eb79af45.pdf
4b6c0c6f436b6ef99e078247512d50648714e37f,2022,Plan_BSc_IN_de.pdf,https://cdn.unifr.ch/scimed/plans/2022/Plan_BSc_IN_de.pdf,6c7b1bc96d788ec3aa95228cda100a4822466f6c,|bachelor|150|physics,Physics,Hauptfach Informatik,scrapy_crawler\outputs\parsed_fulltext_docling_new\4b6c0c6f436b6ef99e078247512d50648714e37f.txt,scrapy_crawler\outputs\parsed_fulltext_docling_new\_raw_docling_json\4b6c0c6f436b6ef99e078247512d50648714e37f.json,C:\Users\Sara\OneDrive\Uni\Bachelor thesis\BA_Thesis_Dev\scrapy_crawler\outputs\pdfs\UNK_Bachelor_150_Physics_Hauptfach_Informatik_4b6c0c6f436b6ef99e078247512d50648714e37f.pdf
dd10c72c162dcf160612cde7d863a775313155ba,2023,Plan_BSc_IN_de.pdf,https://cdn.unifr.ch/scimed/plans/2023/Plan_BSc_IN_de.pdf,6c7b1bc96d788ec3aa95228cda100a4822466f6c,|bachelor|150|physics,Physics,Hauptfach Informatik,scrapy_crawler\outputs\parsed_fulltext_docling_new\dd10c72c162dcf160612cde7d863a775313155ba.txt,scrapy_crawler\outputs\parsed_fulltext_docling_new\_raw_docling_json\dd10c72c162dcf160612cde7d863a775313155ba.json,C:\Users\Sara\OneDrive\Uni\Bachelor thesis\BA_Thesis_Dev\scrapy_crawler\outputs\pdfs\UNK_Bachelor_150_Physics_Hauptfach_Informatik_dd10c72c162dcf160612cde7d863a775313155ba.pdf
eb22571f8b8aee9e6f27e921b9a6941b8f9ae5cb,2024,Plan_BSc_IN_de.pdf,https://cdn.unifr.ch/scimed/plans/2024/Plan_BSc_IN_de.pdf,6c7b1bc96d788ec3aa95228cda100a4822466f6c,|bachelor|150|physics,Physics,Hauptfach Informatik,scrapy_crawler\outputs\parsed_fulltext_docling_new\eb22571f8b8aee9e6f27e921b9a6941b8f9ae5cb.txt,scrapy_crawler\outputs\parsed_fulltext_docling_new\_raw_docling_json\eb22571f8b8aee9e6f27e921b9a6941b8f9ae5cb.json,C:\Users\Sara\OneDrive\Uni\Bachelor thesis\BA_Thesis_Dev\scrapy_crawler\outputs\pdfs\UNK_Bachelor_150_Physics_Hauptfach_Informatik_eb22571f8b8aee9e6f27e921b9a6941b8f9ae5cb.pdf
8092dfd41ed18ec63d0cd1f0bfec2a9622774f00,2017,Plan_BSc_IN_fr.pdf,https://cdn.unifr.ch/scimed/plans/2017/Plan_BSc_IN_fr.pdf,a7c5426b8d47bb845f4c8890bbb0226e5bfa4133,|bachelor|150|physics,Physics,Branche principale en informatique,scrapy_crawler\outputs\parsed_fulltext_docling_new\8092dfd41ed18ec63d0cd1f0bfec2a9622774f00.txt,scrapy_crawler\outputs\parsed_fulltext_docling_new\_raw_docling_json\8092dfd41ed18ec63d0cd1f0bfec2a9622774f00.json,C:\Users\Sara\OneDrive\Uni\Bachelor thesis\BA_Thesis_Dev\scrapy_crawler\outputs\pdfs\UNK_Bachelor_150_Physics_Branche_principale_en_informatique_8092dfd41ed18ec63d0cd1f0bfec2a9622774f00.pdf
c9246a01bab7a5deeb96bfa149740e5b6bef6d9c,2018,Plan_BSc_IN_fr.pdf,https://cdn.unifr.ch/scimed/plans/2018/Plan_BSc_IN_fr.pdf,a7c5426b8d47bb845f4c8890bbb0226e5bfa4133,|bachelor|150|physics,Physics,Branche principale en informatique,scrapy_crawler\outputs\parsed_fulltext_docling_new\c9246a01bab7a5deeb96bfa149740e5b6bef6d9c.txt,scrapy_crawler\outputs\parsed_fulltext_docling_new\_raw_docling_json\c9246a01bab7a5deeb96bfa149740e5b6bef6d9c.json,C:\Users\Sara\OneDrive\Uni\Bachelor thesis\BA_Thesis_Dev\scrapy_crawler\outputs\pdfs\UNK_Bachelor_150_Physics_Branche_principale_en_informatique_c9246a01bab7a5deeb96bfa149740e5b6bef6d9c.pdf
02a51fdd61ad5cec20b4bc77293f660af5f69b29,2019,Plan_BSc_IN_fr.pdf,https://cdn.unifr.ch/scimed/plans/2019/Plan_BSc_IN_fr.pdf,a7c5426b8d47bb845f4c8890bbb0226e5bfa4133,|bachelor|150|physics,Physics,Branche principale en informatique,scrapy_crawler\outputs\parsed_fulltext_docling_new\02a51fdd61ad5cec20b4bc77293f660af5f69b29.txt,scrapy_crawler\outputs\parsed_fulltext_docling_new\_raw_docling_json\02a51fdd61ad5cec20b4bc77293f660af5f69b29.json,C:\Users\Sara\OneDrive\Uni\Bachelor thesis\BA_Thesis_Dev\scrapy_crawler\outputs\pdfs\UNK_Bachelor_150_Physics_Branche_principale_en_informatique_02a51fdd61ad5cec20b4bc77293f660af5f69b29.pdf
524a88a76b04856b3814eb4c0b4615812260cf8d,2020,Plan_BSc_IN_fr.pdf,https://cdn.unifr.ch/scimed/plans/2020/Plan_BSc_IN_fr.pdf,a7c5426b8d47bb845f4c8890bbb0226e5bfa4133,|bachelor|150|physics,Physics,Branche principale en informatique,scrapy_crawler\outputs\parsed_fulltext_docling_new\524a88a76b04856b3814eb4c0b4615812260cf8d.txt,scrapy_crawler\outputs\parsed_fulltext_docling_new\_raw_docling_json\524a88a76b04856b3814eb4c0b4615812260cf8d.json,C:\Users\Sara\OneDrive\Uni\Bachelor thesis\BA_Thesis_Dev\scrapy_crawler\outputs\pdfs\UNK_Bachelor_150_Physics_Branche_principale_en_informatique_524a88a76b04856b3814eb4c0b4615812260cf8d.pdf
2693aeb82a62f01b657cc9d846a56463b904f376,2021,Plan_BSc_IN_fr.pdf,https://cdn.unifr.ch/scimed/plans/2021/Plan_BSc_IN_fr.pdf?time=100,a7c5426b8d47bb845f4c8890bbb0226e5bfa4133,|bachelor|150|physics,Physics,Branche principale en informatique,scrapy_crawler\outputs\parsed_fulltext_docling_new\2693aeb82a62f01b657cc9d846a56463b904f376.txt,scrapy_crawler\outputs\parsed_fulltext_docling_new\_raw_docling_json\2693aeb82a62f01b657cc9d846a56463b904f376.json,C:\Users\Sara\OneDrive\Uni\Bachelor thesis\BA_Thesis_Dev\scrapy_crawler\outputs\pdfs\UNK_Bachelor_150_Physics_Branche_principale_en_informatique_2693aeb82a62f01b657cc9d846a56463b904f376.pdf
1b17d54d13e218e3cefeee7dc42cccdcb8e94507,2022,Plan_BSc_IN_fr.pdf,https://cdn.unifr.ch/scimed/plans/2022/Plan_BSc_IN_fr.pdf,a7c5426b8d47bb845f4c8890bbb0226e5bfa4133,|bachelor|150|physics,Physics,Branche principale en informatique,scrapy_crawler\outputs\parsed_fulltext_docling_new\1b17d54d13e218e3cefeee7dc42cccdcb8e94507.txt,scrapy_crawler\outputs\parsed_fulltext_docling_new\_raw_docling_json\1b17d54d13e218e3cefeee7dc42cccdcb8e94507.json,C:\Users\Sara\OneDrive\Uni\Bachelor thesis\BA_Thesis_Dev\scrapy_crawler\outputs\pdfs\UNK_Bachelor_150_Physics_Branche_principale_en_informatique_1b17d54d13e218e3cefeee7dc42cccdcb8e94507.pdf
db595b9e7c820347b23337c182415b741f63e95c,2023,Plan_BSc_IN_fr.pdf,https://cdn.unifr.ch/scimed/plans/2023/Plan_BSc_IN_fr.pdf,a7c5426b8d47bb845f4c8890bbb0226e5bfa4133,|bachelor|150|physics,Physics,Branche principale en informatique,scrapy_crawler\outputs\parsed_fulltext_docling_new\db595b9e7c820347b23337c182415b741f63e95c.txt,scrapy_crawler\outputs\parsed_fulltext_docling_new\_raw_docling_json\db595b9e7c820347b23337c182415b741f63e95c.json,C:\Users\Sara\OneDrive\Uni\Bachelor thesis\BA_Thesis_Dev\scrapy_crawler\outputs\pdfs\UNK_Bachelor_150_Physics_Branche_principale_en_informatique_db595b9e7c820347b23337c182415b741f63e95c.pdf
2df97cef6341cca40929344ce9ab45fba914f2b2,2024,Plan_BSc_IN_fr.pdf,https://cdn.unifr.ch/scimed/plans/2024/Plan_BSc_IN_fr.pdf,a7c5426b8d47bb845f4c8890bbb0226e5bfa4133,|bachelor|150|physics,Physics,Branche principale en informatique,scrapy_crawler\outputs\parsed_fulltext_docling_new\2df97cef6341cca40929344ce9ab45fba914f2b2.txt,scrapy_crawler\outputs\parsed_fulltext_docling_new\_raw_docling_json\2df97cef6341cca40929344ce9ab45fba914f2b2.json,C:\Users\Sara\OneDrive\Uni\Bachelor thesis\BA_Thesis_Dev\scrapy_crawler\outputs\pdfs\UNK_Bachelor_150_Physics_Branche_principale_en_informatique_2df97cef6341cca40929344ce9ab45fba914f2b2.pdf
3e9e9643540c2b64f226699fb60187ac3324af4d,2017,Plan_BSc_ME_de.pdf,https://cdn.unifr.ch/scimed/plans/2017/Plan_BSc_ME_de.pdf,15ce9ef089d1a41864cf51af19c9eaaba7325421,|bachelor|150|physics,Physics,Hauptfach Biomedizinische Wissenschaften,scrapy_crawler\outputs\parsed_fulltext_docling_new\3e9e9643540c2b64f226699fb60187ac3324af4d.txt,scrapy_crawler\outputs\parsed_fulltext_docling_new\_raw_docling_json\3e9e9643540c2b64f226699fb60187ac3324af4d.json,C:\Users\Sara\OneDrive\Uni\Bachelor thesis\BA_Thesis_Dev\scrapy_crawler\outputs\pdfs\UNK_Bachelor_150_Physics_Hauptfach_Biomedizinische_Wissenschaften_3e9e9643540c2b64f226699fb60187ac3324af4d.pdf
f23a57ce23e76d8abf14ceb4163dce0adb69d047,2018,Plan_BSc_ME_de.pdf,https://cdn.unifr.ch/scimed/plans/2018/Plan_BSc_ME_de.pdf,15ce9ef089d1a41864cf51af19c9eaaba7325421,|bachelor|150|physics,Physics,Hauptfach Biomedizinische Wissenschaften,scrapy_crawler\outputs\parsed_fulltext_docling_new\f23a57ce23e76d8abf14ceb4163dce0adb69d047.txt,scrapy_crawler\outputs\parsed_fulltext_docling_new\_raw_docling_json\f23a57ce23e76d8abf14ceb4163dce0adb69d047.json,C:\Users\Sara\OneDrive\Uni\Bachelor thesis\BA_Thesis_Dev\scrapy_crawler\outputs\pdfs\UNK_Bachelor_150_Physics_Hauptfach_Biomedizinische_Wissenschaften_f23a57ce23e76d8abf14ceb4163dce0adb69d047.pdf
82f1cf0b51b66fcf16f180499d87aacb118164e6,2019,Plan_BSc_ME_de.pdf,https://cdn.unifr.ch/scimed/plans/2019/Plan_BSc_ME_de.pdf,15ce9ef089d1a41864cf51af19c9eaaba7325421,|bachelor|150|physics,Physics,Hauptfach Biomedizinische Wissenschaften,scrapy_crawler\outputs\parsed_fulltext_docling_new\82f1cf0b51b66fcf16f180499d87aacb118164e6.txt,scrapy_crawler\outputs\parsed_fulltext_docling_new\_raw_docling_json\82f1cf0b51b66fcf16f180499d87aacb118164e6.json,C:\Users\Sara\OneDrive\Uni\Bachelor thesis\BA_Thesis_Dev\scrapy_crawler\outputs\pdfs\UNK_Bachelor_150_Physics_Hauptfach_Biomedizinische_Wissenschaften_82f1cf0b51b66fcf16f180499d87aacb118164e6.pdf
948189c0ac7d2985739a4e402260c0ac5492c26e,2020,Plan_BSc_ME_de.pdf,https://cdn.unifr.ch/scimed/plans/2020/Plan_BSc_ME_de.pdf?time=100,15ce9ef089d1a41864cf51af19c9eaaba7325421,|bachelor|150|physics,Physics,Hauptfach Biomedizinische Wissenschaften,scrapy_crawler\outputs\parsed_fulltext_docling_new\948189c0ac7d2985739a4e402260c0ac5492c26e.txt,scrapy_crawler\outputs\parsed_fulltext_docling_new\_raw_docling_json\948189c0ac7d2985739a4e402260c0ac5492c26e.json,C:\Users\Sara\OneDrive\Uni\Bachelor thesis\BA_Thesis_Dev\scrapy_crawler\outputs\pdfs\UNK_Bachelor_150_Physics_Hauptfach_Biomedizinische_Wissenschaften_948189c0ac7d2985739a4e402260c0ac5492c26e.pdf
9496eb8202c8bcc5252ee99d3679b8ac85a410a2,2021,Plan_BSc_ME_de.pdf,https://cdn.unifr.ch/scimed/plans/2021/Plan_BSc_ME_de.pdf,15ce9ef089d1a41864cf51af19c9eaaba7325421,|bachelor|150|physics,Physics,Hauptfach Biomedizinische Wissenschaften,scrapy_crawler\outputs\parsed_fulltext_docling_new\9496eb8202c8bcc5252ee99d3679b8ac85a410a2.txt,scrapy_crawler\outputs\parsed_fulltext_docling_new\_raw_docling_json\9496eb8202c8bcc5252ee99d3679b8ac85a410a2.json,C:\Users\Sara\OneDrive\Uni\Bachelor thesis\BA_Thesis_Dev\scrapy_crawler\outputs\pdfs\UNK_Bachelor_150_Physics_Hauptfach_Biomedizinische_Wissenschaften_9496eb8202c8bcc5252ee99d3679b8ac85a410a2.pdf
0549f4e8bed5174006e1c2d385d3ff123a74bf71,2022,Plan_BSc_ME_de.pdf,https://cdn.unifr.ch/scimed/plans/2022/Plan_BSc_ME_de.pdf,15ce9ef089d1a41864cf51af19c9eaaba7325421,|bachelor|150|physics,Physics,Hauptfach Biomedizinische Wissenschaften,scrapy_crawler\outputs\parsed_fulltext_docling_new\0549f4e8bed5174006e1c2d385d3ff123a74bf71.txt,scrapy_crawler\outputs\parsed_fulltext_docling_new\_raw_docling_json\0549f4e8bed5174006e1c2d385d3ff123a74bf71.json,C:\Users\Sara\OneDrive\Uni\Bachelor thesis\BA_Thesis_Dev\scrapy_crawler\outputs\pdfs\UNK_Bachelor_150_Physics_Hauptfach_Biomedizinische_Wissenschaften_0549f4e8bed5174006e1c2d385d3ff123a74bf71.pdf
7423383b2731d7d1e4f9382383e25ab617c9d7af,2023,Plan_BSc_ME_de.pdf,https://cdn.unifr.ch/scimed/plans/2023/Plan_BSc_ME_de.pdf,15ce9ef089d1a41864cf51af19c9eaaba7325421,|bachelor|150|physics,Physics,Hauptfach Biomedizinische Wissenschaften,scrapy_crawler\outputs\parsed_fulltext_docling_new\7423383b2731d7d1e4f9382383e25ab617c9d7af.txt,scrapy_crawler\outputs\parsed_fulltext_docling_new\_raw_docling_json\7423383b2731d7d1e4f9382383e25ab617c9d7af.json,C:\Users\Sara\OneDrive\Uni\Bachelor thesis\BA_Thesis_Dev\scrapy_crawler\outputs\pdfs\UNK_Bachelor_150_Physics_Hauptfach_Biomedizinische_Wissenschaften_7423383b2731d7d1e4f9382383e25ab617c9d7af.pdf
1551c025d6b67e5c980623961d026c878790d725,2024,Plan_BSc_ME_de.pdf,https://cdn.unifr.ch/scimed/plans/2024/Plan_BSc_ME_de.pdf,15ce9ef089d1a41864cf51af19c9eaaba7325421,|bachelor|150|physics,Physics,Hauptfach Biomedizinische Wissenschaften,scrapy_crawler\outputs\parsed_fulltext_docling_new\1551c025d6b67e5c980623961d026c878790d725.txt,scrapy_crawler\outputs\parsed_fulltext_docling_new\_raw_docling_json\1551c025d6b67e5c980623961d026c878790d725.json,C:\Users\Sara\OneDrive\Uni\Bachelor thesis\BA_Thesis_Dev\scrapy_crawler\outputs\pdfs\UNK_Bachelor_150_Physics_Hauptfach_Biomedizinische_Wissenschaften_1551c025d6b67e5c980623961d026c878790d725.pdf
af4202ec14ffab14cd461a9e9cf2d255391d50ea,2017,Plan_BSc_ME_fr.pdf,https://cdn.unifr.ch/scimed/plans/2017/Plan_BSc_ME_fr.pdf,2792b9f3ca7bdc9f323b39cc5d398e8b13b52830,|bachelor|150|physics,Physics,Branche principale en sciences biomédicales,scrapy_crawler\outputs\parsed_fulltext_docling_new\af4202ec14ffab14cd461a9e9cf2d255391d50ea.txt,scrapy_crawler\outputs\parsed_fulltext_docling_new\_raw_docling_json\af4202ec14ffab14cd461a9e9cf2d255391d50ea.json,C:\Users\Sara\OneDrive\Uni\Bachelor thesis\BA_Thesis_Dev\scrapy_crawler\outputs\pdfs\UNK_Bachelor_150_Physics_Branche_principale_en_sciences_biom_dicales_af4202ec14ffab14cd461a9e9cf2d255391d50ea.pdf
874e6befd2404103638eb89ee39265ab990cce98,2018,Plan_BSc_ME_fr.pdf,https://cdn.unifr.ch/scimed/plans/2018/Plan_BSc_ME_fr.pdf,2792b9f3ca7bdc9f323b39cc5d398e8b13b52830,|bachelor|150|physics,Physics,Branche principale en sciences biomédicales,scrapy_crawler\outputs\parsed_fulltext_docling_new\874e6befd2404103638eb89ee39265ab990cce98.txt,scrapy_crawler\outputs\parsed_fulltext_docling_new\_raw_docling_json\874e6befd2404103638eb89ee39265ab990cce98.json,C:\Users\Sara\OneDrive\Uni\Bachelor thesis\BA_Thesis_Dev\scrapy_crawler\outputs\pdfs\UNK_Bachelor_150_Physics_Branche_principale_en_sciences_biom_dicales_874e6befd2404103638eb89ee39265ab990cce98.pdf
bdd75e6e165ab9f7a535c2b96e3b6a15ac8b210a,2019,Plan_BSc_ME_fr.pdf,https://cdn.unifr.ch/scimed/plans/2019/Plan_BSc_ME_fr.pdf,2792b9f3ca7bdc9f323b39cc5d398e8b13b52830,|bachelor|150|physics,Physics,Branche principale en sciences biomédicales,scrapy_crawler\outputs\parsed_fulltext_docling_new\bdd75e6e165ab9f7a535c2b96e3b6a15ac8b210a.txt,scrapy_crawler\outputs\parsed_fulltext_docling_new\_raw_docling_json\bdd75e6e165ab9f7a535c2b96e3b6a15ac8b210a.json,C:\Users\Sara\OneDrive\Uni\Bachelor thesis\BA_Thesis_Dev\scrapy_crawler\outputs\pdfs\UNK_Bachelor_150_Physics_Branche_principale_en_sciences_biom_dicales_bdd75e6e165ab9f7a535c2b96e3b6a15ac8b210a.pdf
3ec7709dd16125714a933ee57b3b95bbd88567e5,2020,Plan_BSc_ME_fr.pdf,https://cdn.unifr.ch/scimed/plans/2020/Plan_BSc_ME_fr.pdf,2792b9f3ca7bdc9f323b39cc5d398e8b13b52830,|bachelor|150|physics,Physics,Branche principale en sciences biomédicales,scrapy_crawler\outputs\parsed_fulltext_docling_new\3ec7709dd16125714a933ee57b3b95bbd88567e5.txt,scrapy_crawler\outputs\parsed_fulltext_docling_new\_raw_docling_json\3ec7709dd16125714a933ee57b3b95bbd88567e5.json,C:\Users\Sara\OneDrive\Uni\Bachelor thesis\BA_Thesis_Dev\scrapy_crawler\outputs\pdfs\UNK_Bachelor_150_Physics_Branche_principale_en_sciences_biom_dicales_3ec7709dd16125714a933ee57b3b95bbd88567e5.pdf
c7b15fe9e670eb5b11cf21f6d6e8c08da0ebed34,2021,Plan_BSc_ME_fr.pdf,https://cdn.unifr.ch/scimed/plans/2021/Plan_BSc_ME_fr.pdf?time=100,2792b9f3ca7bdc9f323b39cc5d398e8b13b52830,|bachelor|150|physics,Physics,Branche principale en sciences biomédicales,scrapy_crawler\outputs\parsed_fulltext_docling_new\c7b15fe9e670eb5b11cf21f6d6e8c08da0ebed34.txt,scrapy_crawler\outputs\parsed_fulltext_docling_new\_raw_docling_json\c7b15fe9e670eb5b11cf21f6d6e8c08da0ebed34.json,C:\Users\Sara\OneDrive\Uni\Bachelor thesis\BA_Thesis_Dev\scrapy_crawler\outputs\pdfs\UNK_Bachelor_150_Physics_Branche_principale_en_sciences_biom_dicales_c7b15fe9e670eb5b11cf21f6d6e8c08da0ebed34.pdf
c0274a91b3a8545cb6be92e5d0f87911a98981c1,2022,Plan_BSc_ME_fr.pdf,https://cdn.unifr.ch/scimed/plans/2022/Plan_BSc_ME_fr.pdf,2792b9f3ca7bdc9f323b39cc5d398e8b13b52830,|bachelor|150|physics,Physics,Branche principale en sciences biomédicales,scrapy_crawler\outputs\parsed_fulltext_docling_new\c0274a91b3a8545cb6be92e5d0f87911a98981c1.txt,scrapy_crawler\outputs\parsed_fulltext_docling_new\_raw_docling_json\c0274a91b3a8545cb6be92e5d0f87911a98981c1.json,C:\Users\Sara\OneDrive\Uni\Bachelor thesis\BA_Thesis_Dev\scrapy_crawler\outputs\pdfs\UNK_Bachelor_150_Physics_Branche_principale_en_sciences_biom_dicales_c0274a91b3a8545cb6be92e5d0f87911a98981c1.pdf
de812ca687d6fe0c7f29ee90cf0c74ced0508694,2023,Plan_BSc_ME_fr.pdf,https://cdn.unifr.ch/scimed/plans/2023/Plan_BSc_ME_fr.pdf,2792b9f3ca7bdc9f323b39cc5d398e8b13b52830,|bachelor|150|physics,Physics,Branche principale en sciences biomédicales,scrapy_crawler\outputs\parsed_fulltext_docling_new\de812ca687d6fe0c7f29ee90cf0c74ced0508694.txt,scrapy_crawler\outputs\parsed_fulltext_docling_new\_raw_docling_json\de812ca687d6fe0c7f29ee90cf0c74ced0508694.json,C:\Users\Sara\OneDrive\Uni\Bachelor thesis\BA_Thesis_Dev\scrapy_crawler\outputs\pdfs\UNK_Bachelor_150_Physics_Branche_principale_en_sciences_biom_dicales_de812ca687d6fe0c7f29ee90cf0c74ced0508694.pdf
2dda6fe782171e606dcb0dba44f9818415a8e71d,2024,Plan_BSc_ME_fr.pdf,https://cdn.unifr.ch/scimed/plans/2024/Plan_BSc_ME_fr.pdf,2792b9f3ca7bdc9f323b39cc5d398e8b13b52830,|bachelor|150|physics,Physics,Branche principale en sciences biomédicales,scrapy_crawler\outputs\parsed_fulltext_docling_new\2dda6fe782171e606dcb0dba44f9818415a8e71d.txt,scrapy_crawler\outputs\parsed_fulltext_docling_new\_raw_docling_json\2dda6fe782171e606dcb0dba44f9818415a8e71d.json,C:\Users\Sara\OneDrive\Uni\Bachelor thesis\BA_Thesis_Dev\scrapy_crawler\outputs\pdfs\UNK_Bachelor_150_Physics_Branche_principale_en_sciences_biom_dicales_2dda6fe782171e606dcb0dba44f9818415a8e71d.pdf
d5716348aeb1c2ea5f7c9d50f3cff1dc25bddc7a,2017,Plan_BSc_PH_de.pdf,https://cdn.unifr.ch/scimed/plans/2017/Plan_BSc_PH_de.pdf,2cd18c7082e13589c80d7e184aac640c8d520912,|bachelor|150|physics,Physics,Hauptfach Physik,scrapy_crawler\outputs\parsed_fulltext_docling_new\d5716348aeb1c2ea5f7c9d50f3cff1dc25bddc7a.txt,scrapy_crawler\outputs\parsed_fulltext_docling_new\_raw_docling_json\d5716348aeb1c2ea5f7c9d50f3cff1dc25bddc7a.json,C:\Users\Sara\OneDrive\Uni\Bachelor thesis\BA_Thesis_Dev\scrapy_crawler\outputs\pdfs\UNK_Bachelor_150_Physics_Hauptfach_Physik_d5716348aeb1c2ea5f7c9d50f3cff1dc25bddc7a.pdf
5d6d76b714d27464b983d5a3f42faed6629b656d,2018,Plan_BSc_PH_de.pdf,https://cdn.unifr.ch/scimed/plans/2018/Plan_BSc_PH_de.pdf,2cd18c7082e13589c80d7e184aac640c8d520912,|bachelor|150|physics,Physics,Hauptfach Physik,scrapy_crawler\outputs\parsed_fulltext_docling_new\5d6d76b714d27464b983d5a3f42faed6629b656d.txt,scrapy_crawler\outputs\parsed_fulltext_docling_new\_raw_docling_json\5d6d76b714d27464b983d5a3f42faed6629b656d.json,C:\Users\Sara\OneDrive\Uni\Bachelor thesis\BA_Thesis_Dev\scrapy_crawler\outputs\pdfs\UNK_Bachelor_150_Physics_Hauptfach_Physik_5d6d76b714d27464b983d5a3f42faed6629b656d.pdf
c0eeee0891333ec0b38afa5bcd04876935d149f2,2019,Plan_BSc_PH_de.pdf,https://cdn.unifr.ch/scimed/plans/2019/Plan_BSc_PH_de.pdf,2cd18c7082e13589c80d7e184aac640c8d520912,|bachelor|150|physics,Physics,Hauptfach Physik,scrapy_crawler\outputs\parsed_fulltext_docling_new\c0eeee0891333ec0b38afa5bcd04876935d149f2.txt,scrapy_crawler\outputs\parsed_fulltext_docling_new\_raw_docling_json\c0eeee0891333ec0b38afa5bcd04876935d149f2.json,C:\Users\Sara\OneDrive\Uni\Bachelor thesis\BA_Thesis_Dev\scrapy_crawler\outputs\pdfs\UNK_Bachelor_150_Physics_Hauptfach_Physik_c0eeee0891333ec0b38afa5bcd04876935d149f2.pdf
fcc21266539fffea70c1c97605fe28d77d3a87d8,2020,Plan_BSc_PH_de.pdf,https://cdn.unifr.ch/scimed/plans/2020/Plan_BSc_PH_de.pdf?time=100,2cd18c7082e13589c80d7e184aac640c8d520912,|bachelor|150|physics,Physics,Hauptfach Physik,scrapy_crawler\outputs\parsed_fulltext_docling_new\fcc21266539fffea70c1c97605fe28d77d3a87d8.txt,scrapy_crawler\outputs\parsed_fulltext_docling_new\_raw_docling_json\fcc21266539fffea70c1c97605fe28d77d3a87d8.json,C:\Users\Sara\OneDrive\Uni\Bachelor thesis\BA_Thesis_Dev\scrapy_crawler\outputs\pdfs\UNK_Bachelor_150_Physics_Hauptfach_Physik_fcc21266539fffea70c1c97605fe28d77d3a87d8.pdf
076bdf17a18001fa62f8c6dcb84e074fcefadf32,2021,Plan_BSc_PH_de.pdf,https://cdn.unifr.ch/scimed/plans/2021/Plan_BSc_PH_de.pdf,2cd18c7082e13589c80d7e184aac640c8d520912,|bachelor|150|physics,Physics,Hauptfach Physik,scrapy_crawler\outputs\parsed_fulltext_docling_new\076bdf17a18001fa62f8c6dcb84e074fcefadf32.txt,scrapy_crawler\outputs\parsed_fulltext_docling_new\_raw_docling_json\076bdf17a18001fa62f8c6dcb84e074fcefadf32.json,C:\Users\Sara\OneDrive\Uni\Bachelor thesis\BA_Thesis_Dev\scrapy_crawler\outputs\pdfs\UNK_Bachelor_150_Physics_Hauptfach_Physik_076bdf17a18001fa62f8c6dcb84e074fcefadf32.pdf
92c5793487b1c07d80b9600fdd87330b54ce3579,2022,Plan_BSc_PH_de.pdf,https://cdn.unifr.ch/scimed/plans/2022/Plan_BSc_PH_de.pdf,2cd18c7082e13589c80d7e184aac640c8d520912,|bachelor|150|physics,Physics,Hauptfach Physik,scrapy_crawler\outputs\parsed_fulltext_docling_new\92c5793487b1c07d80b9600fdd87330b54ce3579.txt,scrapy_crawler\outputs\parsed_fulltext_docling_new\_raw_docling_json\92c5793487b1c07d80b9600fdd87330b54ce3579.json,C:\Users\Sara\OneDrive\Uni\Bachelor thesis\BA_Thesis_Dev\scrapy_crawler\outputs\pdfs\UNK_Bachelor_150_Physics_Hauptfach_Physik_92c5793487b1c07d80b9600fdd87330b54ce3579.pdf
aca7086f989c31da4f91dbb5ec8d8834c72a97c9,2023,Plan_BSc_PH_de.pdf,https://cdn.unifr.ch/scimed/plans/2023/Plan_BSc_PH_de.pdf,2cd18c7082e13589c80d7e184aac640c8d520912,|bachelor|150|physics,Physics,Hauptfach Physik,scrapy_crawler\outputs\parsed_fulltext_docling_new\aca7086f989c31da4f91dbb5ec8d8834c72a97c9.txt,scrapy_crawler\outputs\parsed_fulltext_docling_new\_raw_docling_json\aca7086f989c31da4f91dbb5ec8d8834c72a97c9.json,C:\Users\Sara\OneDrive\Uni\Bachelor thesis\BA_Thesis_Dev\scrapy_crawler\outputs\pdfs\UNK_Bachelor_150_Physics_Hauptfach_Physik_aca7086f989c31da4f91dbb5ec8d8834c72a97c9.pdf
9d5dfcf52dcce84467548cb35427376e4d6364df,2024,Plan_BSc_PH_de.pdf,https://cdn.unifr.ch/scimed/plans/2024/Plan_BSc_PH_de.pdf,2cd18c7082e13589c80d7e184aac640c8d520912,|bachelor|150|physics,Physics,Hauptfach Physik,scrapy_crawler\outputs\parsed_fulltext_docling_new\9d5dfcf52dcce84467548cb35427376e4d6364df.txt,scrapy_crawler\outputs\parsed_fulltext_docling_new\_raw_docling_json\9d5dfcf52dcce84467548cb35427376e4d6364df.json,C:\Users\Sara\OneDrive\Uni\Bachelor thesis\BA_Thesis_Dev\scrapy_crawler\outputs\pdfs\UNK_Bachelor_150_Physics_Hauptfach_Physik_9d5dfcf52dcce84467548cb35427376e4d6364df.pdf
369243c7ea064216c345a4ebbd0ca7e1e5f00139,2017,Plan_BSc_PH_fr.pdf,https://cdn.unifr.ch/scimed/plans/2017/Plan_BSc_PH_fr.pdf,9a0aa599db5dd82dd804cd262d8855e557c6dfc6,|bachelor|150|physics,Physics,Branche principale en physique,scrapy_crawler\outputs\parsed_fulltext_docling_new\369243c7ea064216c345a4ebbd0ca7e1e5f00139.txt,scrapy_crawler\outputs\parsed_fulltext_docling_new\_raw_docling_json\369243c7ea064216c345a4ebbd0ca7e1e5f00139.json,C:\Users\Sara\OneDrive\Uni\Bachelor thesis\BA_Thesis_Dev\scrapy_crawler\outputs\pdfs\UNK_Bachelor_150_Physics_Branche_principale_en_physique_369243c7ea064216c345a4ebbd0ca7e1e5f00139.pdf
6e2fd7140c114351c4e91cc8538aae82ed246538,2018,Plan_BSc_PH_fr.pdf,https://cdn.unifr.ch/scimed/plans/2018/Plan_BSc_PH_fr.pdf,9a0aa599db5dd82dd804cd262d8855e557c6dfc6,|bachelor|150|physics,Physics,Branche principale en physique,scrapy_crawler\outputs\parsed_fulltext_docling_new\6e2fd7140c114351c4e91cc8538aae82ed246538.txt,scrapy_crawler\outputs\parsed_fulltext_docling_new\_raw_docling_json\6e2fd7140c114351c4e91cc8538aae82ed246538.json,C:\Users\Sara\OneDrive\Uni\Bachelor thesis\BA_Thesis_Dev\scrapy_crawler\outputs\pdfs\UNK_Bachelor_150_Physics_Branche_principale_en_physique_6e2fd7140c114351c4e91cc8538aae82ed246538.pdf
169ac625b4af6e997f2fd829fe7acca69b34b549,2019,Plan_BSc_PH_fr.pdf,https://cdn.unifr.ch/scimed/plans/2019/Plan_BSc_PH_fr.pdf,9a0aa599db5dd82dd804cd262d8855e557c6dfc6,|bachelor|150|physics,Physics,Branche principale en physique,scrapy_crawler\outputs\parsed_fulltext_docling_new\169ac625b4af6e997f2fd829fe7acca69b34b549.txt,scrapy_crawler\outputs\parsed_fulltext_docling_new\_raw_docling_json\169ac625b4af6e997f2fd829fe7acca69b34b549.json,C:\Users\Sara\OneDrive\Uni\Bachelor thesis\BA_Thesis_Dev\scrapy_crawler\outputs\pdfs\UNK_Bachelor_150_Physics_Branche_principale_en_physique_169ac625b4af6e997f2fd829fe7acca69b34b549.pdf
b80b90fe875f0c2eff4634d2c43aaca685818e8e,2020,Plan_BSc_PH_fr.pdf,https://cdn.unifr.ch/scimed/plans/2020/Plan_BSc_PH_fr.pdf,9a0aa599db5dd82dd804cd262d8855e557c6dfc6,|bachelor|150|physics,Physics,Branche principale en physique,scrapy_crawler\outputs\parsed_fulltext_docling_new\b80b90fe875f0c2eff4634d2c43aaca685818e8e.txt,scrapy_crawler\outputs\parsed_fulltext_docling_new\_raw_docling_json\b80b90fe875f0c2eff4634d2c43aaca685818e8e.json,C:\Users\Sara\OneDrive\Uni\Bachelor thesis\BA_Thesis_Dev\scrapy_crawler\outputs\pdfs\UNK_Bachelor_150_Physics_Branche_principale_en_physique_b80b90fe875f0c2eff4634d2c43aaca685818e8e.pdf
574d0293a295d39d802ba942a4bc07c992b91385,2021,Plan_BSc_PH_fr.pdf,https://cdn.unifr.ch/scimed/plans/2021/Plan_BSc_PH_fr.pdf?time=100,9a0aa599db5dd82dd804cd262d8855e557c6dfc6,|bachelor|150|physics,Physics,Branche principale en physique,scrapy_crawler\outputs\parsed_fulltext_docling_new\574d0293a295d39d802ba942a4bc07c992b91385.txt,scrapy_crawler\outputs\parsed_fulltext_docling_new\_raw_docling_json\574d0293a295d39d802ba942a4bc07c992b91385.json,C:\Users\Sara\OneDrive\Uni\Bachelor thesis\BA_Thesis_Dev\scrapy_crawler\outputs\pdfs\UNK_Bachelor_150_Physics_Branche_principale_en_physique_574d0293a295d39d802ba942a4bc07c992b91385.pdf
1135fddf00a8991a98c88e6b228eb9e3497c3b96,2022,Plan_BSc_PH_fr.pdf,https://cdn.unifr.ch/scimed/plans/2022/Plan_BSc_PH_fr.pdf,9a0aa599db5dd82dd804cd262d8855e557c6dfc6,|bachelor|150|physics,Physics,Branche principale en physique,scrapy_crawler\outputs\parsed_fulltext_docling_new\1135fddf00a8991a98c88e6b228eb9e3497c3b96.txt,scrapy_crawler\outputs\parsed_fulltext_docling_new\_raw_docling_json\1135fddf00a8991a98c88e6b228eb9e3497c3b96.json,C:\Users\Sara\OneDrive\Uni\Bachelor thesis\BA_Thesis_Dev\scrapy_crawler\outputs\pdfs\UNK_Bachelor_150_Physics_Branche_principale_en_physique_1135fddf00a8991a98c88e6b228eb9e3497c3b96.pdf
2b5383b15cb95de7b8e7b680282e3225a7b1b7aa,2023,Plan_BSc_PH_fr.pdf,https://cdn.unifr.ch/scimed/plans/2023/Plan_BSc_PH_fr.pdf,9a0aa599db5dd82dd804cd262d8855e557c6dfc6,|bachelor|150|physics,Physics,Branche principale en physique,scrapy_crawler\outputs\parsed_fulltext_docling_new\2b5383b15cb95de7b8e7b680282e3225a7b1b7aa.txt,scrapy_crawler\outputs\parsed_fulltext_docling_new\_raw_docling_json\2b5383b15cb95de7b8e7b680282e3225a7b1b7aa.json,C:\Users\Sara\OneDrive\Uni\Bachelor thesis\BA_Thesis_Dev\scrapy_crawler\outputs\pdfs\UNK_Bachelor_150_Physics_Branche_principale_en_physique_2b5383b15cb95de7b8e7b680282e3225a7b1b7aa.pdf
9ddc15579b5bd8f843b94ab9836269125a103305,2024,Plan_BSc_PH_fr.pdf,https://cdn.unifr.ch/scimed/plans/2024/Plan_BSc_PH_fr.pdf,9a0aa599db5dd82dd804cd262d8855e557c6dfc6,|bachelor|150|physics,Physics,Branche principale en physique,scrapy_crawler\outputs\parsed_fulltext_docling_new\9ddc15579b5bd8f843b94ab9836269125a103305.txt,scrapy_crawler\outputs\parsed_fulltext_docling_new\_raw_docling_json\9ddc15579b5bd8f843b94ab9836269125a103305.json,C:\Users\Sara\OneDrive\Uni\Bachelor thesis\BA_Thesis_Dev\scrapy_crawler\outputs\pdfs\UNK_Bachelor_150_Physics_Branche_principale_en_physique_9ddc15579b5bd8f843b94ab9836269125a103305.pdf
ef3d132b1febfa2f5edd66958c494f5355d16a78,2019,Plan_BSc_SP-E_fr.pdf,https://cdn.unifr.ch/scimed/plans/2019/Plan_BSc_SP-E_fr.pdf,bd20e53a602706587cc0389029ebeb83f92a7b88,|bachelor|150|physics,Physics,Branche principale en sciences du sport et de la motricité /&nbsp;enseignement,scrapy_crawler\outputs\parsed_fulltext_docling_new\ef3d132b1febfa2f5edd66958c494f5355d16a78.txt,scrapy_crawler\outputs\parsed_fulltext_docling_new\_raw_docling_json\ef3d132b1febfa2f5edd66958c494f5355d16a78.json,C:\Users\Sara\OneDrive\Uni\Bachelor thesis\BA_Thesis_Dev\scrapy_crawler\outputs\pdfs\UNK_Bachelor_150_Physics_Branche_principale_en_sciences_du_sport_et_de_la_motricit_nbsp_enseignement_ef3d132b1febfa2f5edd66958c494f5355d16a78.pdf
a615c05f0bd5ef5839d6175bdbe2b50d825ccc33,2020,Plan_BSc_SP-E_fr.pdf,https://cdn.unifr.ch/scimed/plans/2020/Plan_BSc_SP-E_fr.pdf,bd20e53a602706587cc0389029ebeb83f92a7b88,|bachelor|150|physics,Physics,Branche principale en sciences du sport et de la motricité /&nbsp;enseignement,scrapy_crawler\outputs\parsed_fulltext_docling_new\a615c05f0bd5ef5839d6175bdbe2b50d825ccc33.txt,scrapy_crawler\outputs\parsed_fulltext_docling_new\_raw_docling_json\a615c05f0bd5ef5839d6175bdbe2b50d825ccc33.json,C:\Users\Sara\OneDrive\Uni\Bachelor thesis\BA_Thesis_Dev\scrapy_crawler\outputs\pdfs\UNK_Bachelor_150_Physics_Branche_principale_en_sciences_du_sport_et_de_la_motricit_nbsp_enseignement_a615c05f0bd5ef5839d6175bdbe2b50d825ccc33.pdf
9a4a8a0bd9bb73376a26ec7a679f01b589771f43,2021,Plan_BSc_SP-E_fr.pdf,https://cdn.unifr.ch/scimed/plans/2021/Plan_BSc_SP-E_fr.pdf?time=100,bd20e53a602706587cc0389029ebeb83f92a7b88,|bachelor|150|physics,Physics,Branche principale en sciences du sport et de la motricité /&nbsp;enseignement,scrapy_crawler\outputs\parsed_fulltext_docling_new\9a4a8a0bd9bb73376a26ec7a679f01b589771f43.txt,scrapy_crawler\outputs\parsed_fulltext_docling_new\_raw_docling_json\9a4a8a0bd9bb73376a26ec7a679f01b589771f43.json,C:\Users\Sara\OneDrive\Uni\Bachelor thesis\BA_Thesis_Dev\scrapy_crawler\outputs\pdfs\UNK_Bachelor_150_Physics_Branche_principale_en_sciences_du_sport_et_de_la_motricit_nbsp_enseignement_9a4a8a0bd9bb73376a26ec7a679f01b589771f43.pdf
a853770ca415e88f6f559cc6cb21732ea9427b77,2022,Plan_BSc_SP-E_fr.pdf,https://cdn.unifr.ch/scimed/plans/2022/Plan_BSc_SP-E_fr.pdf,bd20e53a602706587cc0389029ebeb83f92a7b88,|bachelor|150|physics,Physics,Branche principale en sciences du sport et de la motricité /&nbsp;enseignement,scrapy_crawler\outputs\parsed_fulltext_docling_new\a853770ca415e88f6f559cc6cb21732ea9427b77.txt,scrapy_crawler\outputs\parsed_fulltext_docling_new\_raw_docling_json\a853770ca415e88f6f559cc6cb21732ea9427b77.json,C:\Users\Sara\OneDrive\Uni\Bachelor thesis\BA_Thesis_Dev\scrapy_crawler\outputs\pdfs\UNK_Bachelor_150_Physics_Branche_principale_en_sciences_du_sport_et_de_la_motricit_nbsp_enseignement_a853770ca415e88f6f559cc6cb21732ea9427b77.pdf
44578cf95e0341046cd8e188755ac34841efd31e,2023,Plan_BSc_SP-E_fr.pdf,https://cdn.unifr.ch/scimed/plans/2023/Plan_BSc_SP-E_fr.pdf,bd20e53a602706587cc0389029ebeb83f92a7b88,|bachelor|150|physics,Physics,Branche principale en sciences du sport et de la motricité /&nbsp;enseignement,scrapy_crawler\outputs\parsed_fulltext_docling_new\44578cf95e0341046cd8e188755ac34841efd31e.txt,scrapy_crawler\outputs\parsed_fulltext_docling_new\_raw_docling_json\44578cf95e0341046cd8e188755ac34841efd31e.json,C:\Users\Sara\OneDrive\Uni\Bachelor thesis\BA_Thesis_Dev\scrapy_crawler\outputs\pdfs\UNK_Bachelor_150_Physics_Branche_principale_en_sciences_du_sport_et_de_la_motricit_nbsp_enseignement_44578cf95e0341046cd8e188755ac34841efd31e.pdf
ffcb2a4a7f6cd3d3aa35a58a1ad5436a1b0d8b75,2024,Plan_BSc_SP-E_fr.pdf,https://cdn.unifr.ch/scimed/plans/2024/Plan_BSc_SP-E_fr.pdf,bd20e53a602706587cc0389029ebeb83f92a7b88,|bachelor|150|physics,Physics,Branche principale en sciences du sport et de la motricité /&nbsp;enseignement,scrapy_crawler\outputs\parsed_fulltext_docling_new\ffcb2a4a7f6cd3d3aa35a58a1ad5436a1b0d8b75.txt,scrapy_crawler\outputs\parsed_fulltext_docling_new\_raw_docling_json\ffcb2a4a7f6cd3d3aa35a58a1ad5436a1b0d8b75.json,C:\Users\Sara\OneDrive\Uni\Bachelor thesis\BA_Thesis_Dev\scrapy_crawler\outputs\pdfs\UNK_Bachelor_150_Physics_Branche_principale_en_sciences_du_sport_et_de_la_motricit_nbsp_enseignement_ffcb2a4a7f6cd3d3aa35a58a1ad5436a1b0d8b75.pdf
784fd9486817435b84a0689ce4d163f0e508b689,2020,Plan_BSc_SP-GLF_de.pdf,https://cdn.unifr.ch/scimed/plans/2020/Plan_BSc_SP-GLF_de.pdf?time=100,a61772d78d4815237282afd6fcf2985dd120e285,|bachelor|150|physics,Physics,Hauptfach Sport- und Bewegungswissenschaften /&nbsp;Gesundheit-Leistung-Forschung,scrapy_crawler\outputs\parsed_fulltext_docling_new\784fd9486817435b84a0689ce4d163f0e508b689.txt,scrapy_crawler\outputs\parsed_fulltext_docling_new\_raw_docling_json\784fd9486817435b84a0689ce4d163f0e508b689.json,C:\Users\Sara\OneDrive\Uni\Bachelor thesis\BA_Thesis_Dev\scrapy_crawler\outputs\pdfs\UNK_Bachelor_150_Physics_Hauptfach_Sport-_und_Bewegungswissenschaften_nbsp_Gesundheit-Leistung-Forschung_784fd9486817435b84a0689ce4d163f0e508b689.pdf
0379879713af0de33f4b2408d442c6f625100da8,2021,Plan_BSc_SP-GLF_de.pdf,https://cdn.unifr.ch/scimed/plans/2021/Plan_BSc_SP-GLF_de.pdf?time=101,a61772d78d4815237282afd6fcf2985dd120e285,|bachelor|150|physics,Physics,Hauptfach Sport- und Bewegungswissenschaften /&nbsp;Gesundheit-Leistung-Forschung,scrapy_crawler\outputs\parsed_fulltext_docling_new\0379879713af0de33f4b2408d442c6f625100da8.txt,scrapy_crawler\outputs\parsed_fulltext_docling_new\_raw_docling_json\0379879713af0de33f4b2408d442c6f625100da8.json,C:\Users\Sara\OneDrive\Uni\Bachelor thesis\BA_Thesis_Dev\scrapy_crawler\outputs\pdfs\UNK_Bachelor_150_Physics_Hauptfach_Sport-_und_Bewegungswissenschaften_nbsp_Gesundheit-Leistung-Forschung_0379879713af0de33f4b2408d442c6f625100da8.pdf
6b052bb316b03e8949bc45bc13dc399bb7650993,2022,Plan_BSc_SP-GLF_de.pdf,https://cdn.unifr.ch/scimed/plans/2022/Plan_BSc_SP-GLF_de.pdf,a61772d78d4815237282afd6fcf2985dd120e285,|bachelor|150|physics,Physics,Hauptfach Sport- und Bewegungswissenschaften /&nbsp;Gesundheit-Leistung-Forschung,scrapy_crawler\outputs\parsed_fulltext_docling_new\6b052bb316b03e8949bc45bc13dc399bb7650993.txt,scrapy_crawler\outputs\parsed_fulltext_docling_new\_raw_docling_json\6b052bb316b03e8949bc45bc13dc399bb7650993.json,C:\Users\Sara\OneDrive\Uni\Bachelor thesis\BA_Thesis_Dev\scrapy_crawler\outputs\pdfs\UNK_Bachelor_150_Physics_Hauptfach_Sport-_und_Bewegungswissenschaften_nbsp_Gesundheit-Leistung-Forschung_6b052bb316b03e8949bc45bc13dc399bb7650993.pdf
8bc1e6bac59ebcde2b6219130c2ea9a8e5c78494,2023,Plan_BSc_SP-GLF_de.pdf,https://cdn.unifr.ch/scimed/plans/2023/Plan_BSc_SP-GLF_de.pdf,a61772d78d4815237282afd6fcf2985dd120e285,|bachelor|150|physics,Physics,Hauptfach Sport- und Bewegungswissenschaften /&nbsp;Gesundheit-Leistung-Forschung,scrapy_crawler\outputs\parsed_fulltext_docling_new\8bc1e6bac59ebcde2b6219130c2ea9a8e5c78494.txt,scrapy_crawler\outputs\parsed_fulltext_docling_new\_raw_docling_json\8bc1e6bac59ebcde2b6219130c2ea9a8e5c78494.json,C:\Users\Sara\OneDrive\Uni\Bachelor thesis\BA_Thesis_Dev\scrapy_crawler\outputs\pdfs\UNK_Bachelor_150_Physics_Hauptfach_Sport-_und_Bewegungswissenschaften_nbsp_Gesundheit-Leistung-Forschung_8bc1e6bac59ebcde2b6219130c2ea9a8e5c78494.pdf
e5dd0061e289f3487f7637e65ee9766e0441d734,2024,Plan_BSc_SP-GLF_de.pdf,https://cdn.unifr.ch/scimed/plans/2024/Plan_BSc_SP-GLF_de.pdf,a61772d78d4815237282afd6fcf2985dd120e285,|bachelor|150|physics,Physics,Hauptfach Sport- und Bewegungswissenschaften /&nbsp;Gesundheit-Leistung-Forschung,scrapy_crawler\outputs\parsed_fulltext_docling_new\e5dd0061e289f3487f7637e65ee9766e0441d734.txt,scrapy_crawler\outputs\parsed_fulltext_docling_new\_raw_docling_json\e5dd0061e289f3487f7637e65ee9766e0441d734.json,C:\Users\Sara\OneDrive\Uni\Bachelor thesis\BA_Thesis_Dev\scrapy_crawler\outputs\pdfs\UNK_Bachelor_150_Physics_Hauptfach_Sport-_und_Bewegungswissenschaften_nbsp_Gesundheit-Leistung-Forschung_e5dd0061e289f3487f7637e65ee9766e0441d734.pdf
8ff54c1d27ac8f4bd623186d879eb16a40e2af03,2020,Plan_BSc_SP-SPR_fr.pdf,https://cdn.unifr.ch/scimed/plans/2020/Plan_BSc_SP-SPR_fr.pdf,2c4a25833cd4744f3b2b5af49c728721015a7a55,|bachelor|150|physics,Physics,Branche principale en sciences du sport et de la motricité /&nbsp;santé-performance-recherche,scrapy_crawler\outputs\parsed_fulltext_docling_new\8ff54c1d27ac8f4bd623186d879eb16a40e2af03.txt,scrapy_crawler\outputs\parsed_fulltext_docling_new\_raw_docling_json\8ff54c1d27ac8f4bd623186d879eb16a40e2af03.json,C:\Users\Sara\OneDrive\Uni\Bachelor thesis\BA_Thesis_Dev\scrapy_crawler\outputs\pdfs\UNK_Bachelor_150_Physics_Branche_principale_en_sciences_du_sport_et_de_la_motricit_nbsp_sant_-performance-recherche_8ff54c1d27ac8f4bd623186d879eb16a40e2af03.pdf
2cebda2cd8333fd39fb9ebf19ca4936ac8b9e86b,2021,Plan_BSc_SP-SPR_fr.pdf,https://cdn.unifr.ch/scimed/plans/2021/Plan_BSc_SP-SPR_fr.pdf?time=101,2c4a25833cd4744f3b2b5af49c728721015a7a55,|bachelor|150|physics,Physics,Branche principale en sciences du sport et de la motricité /&nbsp;santé-performance-recherche,scrapy_crawler\outputs\parsed_fulltext_docling_new\2cebda2cd8333fd39fb9ebf19ca4936ac8b9e86b.txt,scrapy_crawler\outputs\parsed_fulltext_docling_new\_raw_docling_json\2cebda2cd8333fd39fb9ebf19ca4936ac8b9e86b.json,C:\Users\Sara\OneDrive\Uni\Bachelor thesis\BA_Thesis_Dev\scrapy_crawler\outputs\pdfs\UNK_Bachelor_150_Physics_Branche_principale_en_sciences_du_sport_et_de_la_motricit_nbsp_sant_-performance-recherche_2cebda2cd8333fd39fb9ebf19ca4936ac8b9e86b.pdf
9c2724203e7591066c4559cb89b6c847b3232b72,2022,Plan_BSc_SP-SPR_fr.pdf,https://cdn.unifr.ch/scimed/plans/2022/Plan_BSc_SP-SPR_fr.pdf,2c4a25833cd4744f3b2b5af49c728721015a7a55,|bachelor|150|physics,Physics,Branche principale en sciences du sport et de la motricité /&nbsp;santé-performance-recherche,scrapy_crawler\outputs\parsed_fulltext_docling_new\9c2724203e7591066c4559cb89b6c847b3232b72.txt,scrapy_crawler\outputs\parsed_fulltext_docling_new\_raw_docling_json\9c2724203e7591066c4559cb89b6c847b3232b72.json,C:\Users\Sara\OneDrive\Uni\Bachelor thesis\BA_Thesis_Dev\scrapy_crawler\outputs\pdfs\UNK_Bachelor_150_Physics_Branche_principale_en_sciences_du_sport_et_de_la_motricit_nbsp_sant_-performance-recherche_9c2724203e7591066c4559cb89b6c847b3232b72.pdf
2ca03d8606bf85274413d1033486c2f7881a4518,2023,Plan_BSc_SP-SPR_fr.pdf,https://cdn.unifr.ch/scimed/plans/2023/Plan_BSc_SP-SPR_fr.pdf,2c4a25833cd4744f3b2b5af49c728721015a7a55,|bachelor|150|physics,Physics,Branche principale en sciences du sport et de la motricité /&nbsp;santé-performance-recherche,scrapy_crawler\outputs\parsed_fulltext_docling_new\2ca03d8606bf85274413d1033486c2f7881a4518.txt,scrapy_crawler\outputs\parsed_fulltext_docling_new\_raw_docling_json\2ca03d8606bf85274413d1033486c2f7881a4518.json,C:\Users\Sara\OneDrive\Uni\Bachelor thesis\BA_Thesis_Dev\scrapy_crawler\outputs\pdfs\UNK_Bachelor_150_Physics_Branche_principale_en_sciences_du_sport_et_de_la_motricit_nbsp_sant_-performance-recherche_2ca03d8606bf85274413d1033486c2f7881a4518.pdf
804e9d03583e1543b399532ad6a78f9d8cda757b,2024,Plan_BSc_SP-SPR_fr.pdf,https://cdn.unifr.ch/scimed/plans/2024/Plan_BSc_SP-SPR_fr.pdf,2c4a25833cd4744f3b2b5af49c728721015a7a55,|bachelor|150|physics,Physics,Branche principale en sciences du sport et de la motricité /&nbsp;santé-performance-recherche,scrapy_crawler\outputs\parsed_fulltext_docling_new\804e9d03583e1543b399532ad6a78f9d8cda757b.txt,scrapy_crawler\outputs\parsed_fulltext_docling_new\_raw_docling_json\804e9d03583e1543b399532ad6a78f9d8cda757b.json,C:\Users\Sara\OneDrive\Uni\Bachelor thesis\BA_Thesis_Dev\scrapy_crawler\outputs\pdfs\UNK_Bachelor_150_Physics_Branche_principale_en_sciences_du_sport_et_de_la_motricit_nbsp_sant_-performance-recherche_804e9d03583e1543b399532ad6a78f9d8cda757b.pdf
d4b932e0b567f925da705553aaac587ecf392a97,2020,Plan_BSc_SP-U_de.pdf,https://cdn.unifr.ch/scimed/plans/2020/Plan_BSc_SP-U_de.pdf?time=100,306e5223440baaae9f96ea6299b71c0236a2fe13,|bachelor|150|physics,Physics,Hauptfach Sport- und Bewegungswissenschaften /&nbsp;Unterricht,scrapy_crawler\outputs\parsed_fulltext_docling_new\d4b932e0b567f925da705553aaac587ecf392a97.txt,scrapy_crawler\outputs\parsed_fulltext_docling_new\_raw_docling_json\d4b932e0b567f925da705553aaac587ecf392a97.json,C:\Users\Sara\OneDrive\Uni\Bachelor thesis\BA_Thesis_Dev\scrapy_crawler\outputs\pdfs\UNK_Bachelor_150_Physics_Hauptfach_Sport-_und_Bewegungswissenschaften_nbsp_Unterricht_d4b932e0b567f925da705553aaac587ecf392a97.pdf
cfdbb8a7a219cc406cbd5b5a20ccb5ee8e4f2d21,2021,Plan_BSc_SP-U_de.pdf,https://cdn.unifr.ch/scimed/plans/2021/Plan_BSc_SP-U_de.pdf,306e5223440baaae9f96ea6299b71c0236a2fe13,|bachelor|150|physics,Physics,Hauptfach Sport- und Bewegungswissenschaften /&nbsp;Unterricht,scrapy_crawler\outputs\parsed_fulltext_docling_new\cfdbb8a7a219cc406cbd5b5a20ccb5ee8e4f2d21.txt,scrapy_crawler\outputs\parsed_fulltext_docling_new\_raw_docling_json\cfdbb8a7a219cc406cbd5b5a20ccb5ee8e4f2d21.json,C:\Users\Sara\OneDrive\Uni\Bachelor thesis\BA_Thesis_Dev\scrapy_crawler\outputs\pdfs\UNK_Bachelor_150_Physics_Hauptfach_Sport-_und_Bewegungswissenschaften_nbsp_Unterricht_cfdbb8a7a219cc406cbd5b5a20ccb5ee8e4f2d21.pdf
1d8fbca29b395afe60365ad2fb29656b0bd981b8,2022,Plan_BSc_SP-U_de.pdf,https://cdn.unifr.ch/scimed/plans/2022/Plan_BSc_SP-U_de.pdf,306e5223440baaae9f96ea6299b71c0236a2fe13,|bachelor|150|physics,Physics,Hauptfach Sport- und Bewegungswissenschaften /&nbsp;Unterricht,scrapy_crawler\outputs\parsed_fulltext_docling_new\1d8fbca29b395afe60365ad2fb29656b0bd981b8.txt,scrapy_crawler\outputs\parsed_fulltext_docling_new\_raw_docling_json\1d8fbca29b395afe60365ad2fb29656b0bd981b8.json,C:\Users\Sara\OneDrive\Uni\Bachelor thesis\BA_Thesis_Dev\scrapy_crawler\outputs\pdfs\UNK_Bachelor_150_Physics_Hauptfach_Sport-_und_Bewegungswissenschaften_nbsp_Unterricht_1d8fbca29b395afe60365ad2fb29656b0bd981b8.pdf
20b18ffed268ef04042c341c14b581a168aa6459,2023,Plan_BSc_SP-U_de.pdf,https://cdn.unifr.ch/scimed/plans/2023/Plan_BSc_SP-U_de.pdf,306e5223440baaae9f96ea6299b71c0236a2fe13,|bachelor|150|physics,Physics,Hauptfach Sport- und Bewegungswissenschaften /&nbsp;Unterricht,scrapy_crawler\outputs\parsed_fulltext_docling_new\20b18ffed268ef04042c341c14b581a168aa6459.txt,scrapy_crawler\outputs\parsed_fulltext_docling_new\_raw_docling_json\20b18ffed268ef04042c341c14b581a168aa6459.json,C:\Users\Sara\OneDrive\Uni\Bachelor thesis\BA_Thesis_Dev\scrapy_crawler\outputs\pdfs\UNK_Bachelor_150_Physics_Hauptfach_Sport-_und_Bewegungswissenschaften_nbsp_Unterricht_20b18ffed268ef04042c341c14b581a168aa6459.pdf
e77185cb23992071a49280bdce96b592da049809,2024,Plan_BSc_SP-U_de.pdf,https://cdn.unifr.ch/scimed/plans/2024/Plan_BSc_SP-U_de.pdf,306e5223440baaae9f96ea6299b71c0236a2fe13,|bachelor|150|physics,Physics,Hauptfach Sport- und Bewegungswissenschaften /&nbsp;Unterricht,scrapy_crawler\outputs\parsed_fulltext_docling_new\e77185cb23992071a49280bdce96b592da049809.txt,scrapy_crawler\outputs\parsed_fulltext_docling_new\_raw_docling_json\e77185cb23992071a49280bdce96b592da049809.json,C:\Users\Sara\OneDrive\Uni\Bachelor thesis\BA_Thesis_Dev\scrapy_crawler\outputs\pdfs\UNK_Bachelor_150_Physics_Hauptfach_Sport-_und_Bewegungswissenschaften_nbsp_Unterricht_e77185cb23992071a49280bdce96b592da049809.pdf
6146e04fc4d5551857fd85bdfe0e22b8fce4963d,2017,Plan_BSc_ST_de.pdf,https://cdn.unifr.ch/scimed/plans/2017/Plan_BSc_ST_de.pdf,d9853449be4f8a0c373c1ad5b76efe53cbb17a2f,|bachelor|150|physics,Physics,Hauptfach Erdwissenschaften,scrapy_crawler\outputs\parsed_fulltext_docling_new\6146e04fc4d5551857fd85bdfe0e22b8fce4963d.txt,scrapy_crawler\outputs\parsed_fulltext_docling_new\_raw_docling_json\6146e04fc4d5551857fd85bdfe0e22b8fce4963d.json,C:\Users\Sara\OneDrive\Uni\Bachelor thesis\BA_Thesis_Dev\scrapy_crawler\outputs\pdfs\UNK_Bachelor_150_Physics_Hauptfach_Erdwissenschaften_6146e04fc4d5551857fd85bdfe0e22b8fce4963d.pdf
3dd079f3e439311f7bac315834e2734912f64c7a,2018,Plan_BSc_ST_de.pdf,https://cdn.unifr.ch/scimed/plans/2018/Plan_BSc_ST_de.pdf,d9853449be4f8a0c373c1ad5b76efe53cbb17a2f,|bachelor|150|physics,Physics,Hauptfach Erdwissenschaften,scrapy_crawler\outputs\parsed_fulltext_docling_new\3dd079f3e439311f7bac315834e2734912f64c7a.txt,scrapy_crawler\outputs\parsed_fulltext_docling_new\_raw_docling_json\3dd079f3e439311f7bac315834e2734912f64c7a.json,C:\Users\Sara\OneDrive\Uni\Bachelor thesis\BA_Thesis_Dev\scrapy_crawler\outputs\pdfs\UNK_Bachelor_150_Physics_Hauptfach_Erdwissenschaften_3dd079f3e439311f7bac315834e2734912f64c7a.pdf
1e140decdc8e45ce38f6721e5d92827d6c626365,2019,Plan_BSc_ST_de.pdf,https://cdn.unifr.ch/scimed/plans/2019/Plan_BSc_ST_de.pdf,d9853449be4f8a0c373c1ad5b76efe53cbb17a2f,|bachelor|150|physics,Physics,Hauptfach Erdwissenschaften,scrapy_crawler\outputs\parsed_fulltext_docling_new\1e140decdc8e45ce38f6721e5d92827d6c626365.txt,scrapy_crawler\outputs\parsed_fulltext_docling_new\_raw_docling_json\1e140decdc8e45ce38f6721e5d92827d6c626365.json,C:\Users\Sara\OneDrive\Uni\Bachelor thesis\BA_Thesis_Dev\scrapy_crawler\outputs\pdfs\UNK_Bachelor_150_Physics_Hauptfach_Erdwissenschaften_1e140decdc8e45ce38f6721e5d92827d6c626365.pdf
af4b23c42b80346285c722f0e826db96501cd30c,2020,Plan_BSc_ST_de.pdf,https://cdn.unifr.ch/scimed/plans/2020/Plan_BSc_ST_de.pdf?time=100,d9853449be4f8a0c373c1ad5b76efe53cbb17a2f,|bachelor|150|physics,Physics,Hauptfach Erdwissenschaften,scrapy_crawler\outputs\parsed_fulltext_docling_new\af4b23c42b80346285c722f0e826db96501cd30c.txt,scrapy_crawler\outputs\parsed_fulltext_docling_new\_raw_docling_json\af4b23c42b80346285c722f0e826db96501cd30c.json,C:\Users\Sara\OneDrive\Uni\Bachelor thesis\BA_Thesis_Dev\scrapy_crawler\outputs\pdfs\UNK_Bachelor_150_Physics_Hauptfach_Erdwissenschaften_af4b23c42b80346285c722f0e826db96501cd30c.pdf
084d1da64f4a1348d584c52ab9985625343d94fa,2021,Plan_BSc_ST_de.pdf,https://cdn.unifr.ch/scimed/plans/2021/Plan_BSc_ST_de.pdf,d9853449be4f8a0c373c1ad5b76efe53cbb17a2f,|bachelor|150|physics,Physics,Hauptfach Erdwissenschaften,scrapy_crawler\outputs\parsed_fulltext_docling_new\084d1da64f4a1348d584c52ab9985625343d94fa.txt,scrapy_crawler\outputs\parsed_fulltext_docling_new\_raw_docling_json\084d1da64f4a1348d584c52ab9985625343d94fa.json,C:\Users\Sara\OneDrive\Uni\Bachelor thesis\BA_Thesis_Dev\scrapy_crawler\outputs\pdfs\UNK_Bachelor_150_Physics_Hauptfach_Erdwissenschaften_084d1da64f4a1348d584c52ab9985625343d94fa.pdf
b504931c022cad55c61d7c0bfd392ffec89fc4c8,2022,Plan_BSc_ST_de.pdf,https://cdn.unifr.ch/scimed/plans/2022/Plan_BSc_ST_de.pdf,d9853449be4f8a0c373c1ad5b76efe53cbb17a2f,|bachelor|150|physics,Physics,Hauptfach Erdwissenschaften,scrapy_crawler\outputs\parsed_fulltext_docling_new\b504931c022cad55c61d7c0bfd392ffec89fc4c8.txt,scrapy_crawler\outputs\parsed_fulltext_docling_new\_raw_docling_json\b504931c022cad55c61d7c0bfd392ffec89fc4c8.json,C:\Users\Sara\OneDrive\Uni\Bachelor thesis\BA_Thesis_Dev\scrapy_crawler\outputs\pdfs\UNK_Bachelor_150_Physics_Hauptfach_Erdwissenschaften_b504931c022cad55c61d7c0bfd392ffec89fc4c8.pdf
06a8dd7cdbc152d7af4ea8d58ad99c678a5682d2,2023,Plan_BSc_ST_de.pdf,https://cdn.unifr.ch/scimed/plans/2023/Plan_BSc_ST_de.pdf,d9853449be4f8a0c373c1ad5b76efe53cbb17a2f,|bachelor|150|physics,Physics,Hauptfach Erdwissenschaften,scrapy_crawler\outputs\parsed_fulltext_docling_new\06a8dd7cdbc152d7af4ea8d58ad99c678a5682d2.txt,scrapy_crawler\outputs\parsed_fulltext_docling_new\_raw_docling_json\06a8dd7cdbc152d7af4ea8d58ad99c678a5682d2.json,C:\Users\Sara\OneDrive\Uni\Bachelor thesis\BA_Thesis_Dev\scrapy_crawler\outputs\pdfs\UNK_Bachelor_150_Physics_Hauptfach_Erdwissenschaften_06a8dd7cdbc152d7af4ea8d58ad99c678a5682d2.pdf
bf8fcf6d33d696f36efadba04d48ca343f4db945,2024,Plan_BSc_ST_de.pdf,https://cdn.unifr.ch/scimed/plans/2024/Plan_BSc_ST_de.pdf,d9853449be4f8a0c373c1ad5b76efe53cbb17a2f,|bachelor|150|physics,Physics,Hauptfach Erdwissenschaften,scrapy_crawler\outputs\parsed_fulltext_docling_new\bf8fcf6d33d696f36efadba04d48ca343f4db945.txt,scrapy_crawler\outputs\parsed_fulltext_docling_new\_raw_docling_json\bf8fcf6d33d696f36efadba04d48ca343f4db945.json,C:\Users\Sara\OneDrive\Uni\Bachelor thesis\BA_Thesis_Dev\scrapy_crawler\outputs\pdfs\UNK_Bachelor_150_Physics_Hauptfach_Erdwissenschaften_bf8fcf6d33d696f36efadba04d48ca343f4db945.pdf
51300f92e9e0f608a3ce15b35d46cffe1a17a530,2017,Plan_BSc_ST_fr.pdf,https://cdn.unifr.ch/scimed/plans/2017/Plan_BSc_ST_fr.pdf,9ba8099eebb06cd601122d9c406a7869600a84c3,|bachelor|150|physics,Physics,Branche principale en sciences de la Terre,scrapy_crawler\outputs\parsed_fulltext_docling_new\51300f92e9e0f608a3ce15b35d46cffe1a17a530.txt,scrapy_crawler\outputs\parsed_fulltext_docling_new\_raw_docling_json\51300f92e9e0f608a3ce15b35d46cffe1a17a530.json,C:\Users\Sara\OneDrive\Uni\Bachelor thesis\BA_Thesis_Dev\scrapy_crawler\outputs\pdfs\UNK_Bachelor_150_Physics_Branche_principale_en_sciences_de_la_Terre_51300f92e9e0f608a3ce15b35d46cffe1a17a530.pdf
d61b53f940202463b7686e5c99eafd2af217f6f6,2018,Plan_BSc_ST_fr.pdf,https://cdn.unifr.ch/scimed/plans/2018/Plan_BSc_ST_fr.pdf,9ba8099eebb06cd601122d9c406a7869600a84c3,|bachelor|150|physics,Physics,Branche principale en sciences de la Terre,scrapy_crawler\outputs\parsed_fulltext_docling_new\d61b53f940202463b7686e5c99eafd2af217f6f6.txt,scrapy_crawler\outputs\parsed_fulltext_docling_new\_raw_docling_json\d61b53f940202463b7686e5c99eafd2af217f6f6.json,C:\Users\Sara\OneDrive\Uni\Bachelor thesis\BA_Thesis_Dev\scrapy_crawler\outputs\pdfs\UNK_Bachelor_150_Physics_Branche_principale_en_sciences_de_la_Terre_d61b53f940202463b7686e5c99eafd2af217f6f6.pdf
10a99154aa77cb1baa2489ca196a64d5316b9d17,2019,Plan_BSc_ST_fr.pdf,https://cdn.unifr.ch/scimed/plans/2019/Plan_BSc_ST_fr.pdf,9ba8099eebb06cd601122d9c406a7869600a84c3,|bachelor|150|physics,Physics,Branche principale en sciences de la Terre,scrapy_crawler\outputs\parsed_fulltext_docling_new\10a99154aa77cb1baa2489ca196a64d5316b9d17.txt,scrapy_crawler\outputs\parsed_fulltext_docling_new\_raw_docling_json\10a99154aa77cb1baa2489ca196a64d5316b9d17.json,C:\Users\Sara\OneDrive\Uni\Bachelor thesis\BA_Thesis_Dev\scrapy_crawler\outputs\pdfs\UNK_Bachelor_150_Physics_Branche_principale_en_sciences_de_la_Terre_10a99154aa77cb1baa2489ca196a64d5316b9d17.pdf
a4b6634a66f7e14def73d4d8f2d3aba6ae584a90,2020,Plan_BSc_ST_fr.pdf,https://cdn.unifr.ch/scimed/plans/2020/Plan_BSc_ST_fr.pdf,9ba8099eebb06cd601122d9c406a7869600a84c3,|bachelor|150|physics,Physics,Branche principale en sciences de la Terre,scrapy_crawler\outputs\parsed_fulltext_docling_new\a4b6634a66f7e14def73d4d8f2d3aba6ae584a90.txt,scrapy_crawler\outputs\parsed_fulltext_docling_new\_raw_docling_json\a4b6634a66f7e14def73d4d8f2d3aba6ae584a90.json,C:\Users\Sara\OneDrive\Uni\Bachelor thesis\BA_Thesis_Dev\scrapy_crawler\outputs\pdfs\UNK_Bachelor_150_Physics_Branche_principale_en_sciences_de_la_Terre_a4b6634a66f7e14def73d4d8f2d3aba6ae584a90.pdf
377758e7f51af03a76e6e8ad844e29de18d18f7e,2021,Plan_BSc_ST_fr.pdf,https://cdn.unifr.ch/scimed/plans/2021/Plan_BSc_ST_fr.pdf?time=100,9ba8099eebb06cd601122d9c406a7869600a84c3,|bachelor|150|physics,Physics,Branche principale en sciences de la Terre,scrapy_crawler\outputs\parsed_fulltext_docling_new\377758e7f51af03a76e6e8ad844e29de18d18f7e.txt,scrapy_crawler\outputs\parsed_fulltext_docling_new\_raw_docling_json\377758e7f51af03a76e6e8ad844e29de18d18f7e.json,C:\Users\Sara\OneDrive\Uni\Bachelor thesis\BA_Thesis_Dev\scrapy_crawler\outputs\pdfs\UNK_Bachelor_150_Physics_Branche_principale_en_sciences_de_la_Terre_377758e7f51af03a76e6e8ad844e29de18d18f7e.pdf
d9cb70448b61860ca004e00c504252f29aa6763c,2022,Plan_BSc_ST_fr.pdf,https://cdn.unifr.ch/scimed/plans/2022/Plan_BSc_ST_fr.pdf,9ba8099eebb06cd601122d9c406a7869600a84c3,|bachelor|150|physics,Physics,Branche principale en sciences de la Terre,scrapy_crawler\outputs\parsed_fulltext_docling_new\d9cb70448b61860ca004e00c504252f29aa6763c.txt,scrapy_crawler\outputs\parsed_fulltext_docling_new\_raw_docling_json\d9cb70448b61860ca004e00c504252f29aa6763c.json,C:\Users\Sara\OneDrive\Uni\Bachelor thesis\BA_Thesis_Dev\scrapy_crawler\outputs\pdfs\UNK_Bachelor_150_Physics_Branche_principale_en_sciences_de_la_Terre_d9cb70448b61860ca004e00c504252f29aa6763c.pdf
4c3b2a3ec2c327089daed88c5c599d564a3779c7,2023,Plan_BSc_ST_fr.pdf,https://cdn.unifr.ch/scimed/plans/2023/Plan_BSc_ST_fr.pdf,9ba8099eebb06cd601122d9c406a7869600a84c3,|bachelor|150|physics,Physics,Branche principale en sciences de la Terre,scrapy_crawler\outputs\parsed_fulltext_docling_new\4c3b2a3ec2c327089daed88c5c599d564a3779c7.txt,scrapy_crawler\outputs\parsed_fulltext_docling_new\_raw_docling_json\4c3b2a3ec2c327089daed88c5c599d564a3779c7.json,C:\Users\Sara\OneDrive\Uni\Bachelor thesis\BA_Thesis_Dev\scrapy_crawler\outputs\pdfs\UNK_Bachelor_150_Physics_Branche_principale_en_sciences_de_la_Terre_4c3b2a3ec2c327089daed88c5c599d564a3779c7.pdf
967a9648c4d0b9f3587a288c34d0675eca64af56,2024,Plan_BSc_ST_fr.pdf,https://cdn.unifr.ch/scimed/plans/2024/Plan_BSc_ST_fr.pdf,9ba8099eebb06cd601122d9c406a7869600a84c3,|bachelor|150|physics,Physics,Branche principale en sciences de la Terre,scrapy_crawler\outputs\parsed_fulltext_docling_new\967a9648c4d0b9f3587a288c34d0675eca64af56.txt,scrapy_crawler\outputs\parsed_fulltext_docling_new\_raw_docling_json\967a9648c4d0b9f3587a288c34d0675eca64af56.json,C:\Users\Sara\OneDrive\Uni\Bachelor thesis\BA_Thesis_Dev\scrapy_crawler\outputs\pdfs\UNK_Bachelor_150_Physics_Branche_principale_en_sciences_de_la_Terre_967a9648c4d0b9f3587a288c34d0675eca64af56.pdf
61a6b7a84be65983b6f804269431261755818dab,2020,Plan_MMed_fr.pdf,https://cdn.unifr.ch/scimed/plans/2020/Plan_MMed_fr.pdf,3f2e00b966b55626c14249cc929cba69c566dc2d,|master|120|experimental biomedical research,Experimental Biomedical Research,Master of Medicine in Medicine (FR),scrapy_crawler\outputs\parsed_fulltext_docling_new\61a6b7a84be65983b6f804269431261755818dab.txt,scrapy_crawler\outputs\parsed_fulltext_docling_new\_raw_docling_json\61a6b7a84be65983b6f804269431261755818dab.json,C:\Users\Sara\OneDrive\Uni\Bachelor thesis\BA_Thesis_Dev\scrapy_crawler\outputs\pdfs\UNK_Master_120_Experimental_Biomedical_Research_Master_of_Medicine_in_Medicine_FR__61a6b7a84be65983b6f804269431261755818dab.pdf
6c9b5c48e8795041a1b702aa9ab38dd1906b7837,2021,Plan_MMed_fr.pdf,https://cdn.unifr.ch/scimed/plans/2021/Plan_MMed_fr.pdf?time=103,3f2e00b966b55626c14249cc929cba69c566dc2d,|master|120|experimental biomedical research,Experimental Biomedical Research,Master of Medicine in Medicine (FR),scrapy_crawler\outputs\parsed_fulltext_docling_new\6c9b5c48e8795041a1b702aa9ab38dd1906b7837.txt,scrapy_crawler\outputs\parsed_fulltext_docling_new\_raw_docling_json\6c9b5c48e8795041a1b702aa9ab38dd1906b7837.json,C:\Users\Sara\OneDrive\Uni\Bachelor thesis\BA_Thesis_Dev\scrapy_crawler\outputs\pdfs\UNK_Master_120_Experimental_Biomedical_Research_Master_of_Medicine_in_Medicine_FR__6c9b5c48e8795041a1b702aa9ab38dd1906b7837.pdf
0c137c954f868cfc4047029118fb50ddcda98ebd,2022,Plan_MMed_fr.pdf,https://cdn.unifr.ch/scimed/plans/2022/Plan_MMed_fr.pdf,3f2e00b966b55626c14249cc929cba69c566dc2d,|master|120|experimental biomedical research,Experimental Biomedical Research,Master of Medicine in Medicine (FR),scrapy_crawler\outputs\parsed_fulltext_docling_new\0c137c954f868cfc4047029118fb50ddcda98ebd.txt,scrapy_crawler\outputs\parsed_fulltext_docling_new\_raw_docling_json\0c137c954f868cfc4047029118fb50ddcda98ebd.json,C:\Users\Sara\OneDrive\Uni\Bachelor thesis\BA_Thesis_Dev\scrapy_crawler\outputs\pdfs\UNK_Master_120_Experimental_Biomedical_Research_Master_of_Medicine_in_Medicine_FR__0c137c954f868cfc4047029118fb50ddcda98ebd.pdf
895ee01cb30c7a9c7d433d7cd64ad4623fd5a74d,2023,Plan_MMed_fr.pdf,https://cdn.unifr.ch/scimed/plans/2023/Plan_MMed_fr.pdf,3f2e00b966b55626c14249cc929cba69c566dc2d,|master|120|experimental biomedical research,Experimental Biomedical Research,Master of Medicine in Medicine (FR),scrapy_crawler\outputs\parsed_fulltext_docling_new\895ee01cb30c7a9c7d433d7cd64ad4623fd5a74d.txt,scrapy_crawler\outputs\parsed_fulltext_docling_new\_raw_docling_json\895ee01cb30c7a9c7d433d7cd64ad4623fd5a74d.json,C:\Users\Sara\OneDrive\Uni\Bachelor thesis\BA_Thesis_Dev\scrapy_crawler\outputs\pdfs\UNK_Master_120_Experimental_Biomedical_Research_Master_of_Medicine_in_Medicine_FR__895ee01cb30c7a9c7d433d7cd64ad4623fd5a74d.pdf
7b12ca1a413298829147517505a09033b0989108,2024,Plan_MMed_fr.pdf,https://cdn.unifr.ch/scimed/plans/2024/Plan_MMed_fr.pdf,3f2e00b966b55626c14249cc929cba69c566dc2d,|master|120|experimental biomedical research,Experimental Biomedical Research,Master of Medicine in Medicine (FR),scrapy_crawler\outputs\parsed_fulltext_docling_new\7b12ca1a413298829147517505a09033b0989108.txt,scrapy_crawler\outputs\parsed_fulltext_docling_new\_raw_docling_json\7b12ca1a413298829147517505a09033b0989108.json,C:\Users\Sara\OneDrive\Uni\Bachelor thesis\BA_Thesis_Dev\scrapy_crawler\outputs\pdfs\UNK_Master_120_Experimental_Biomedical_Research_Master_of_Medicine_in_Medicine_FR__7b12ca1a413298829147517505a09033b0989108.pdf
af7b4692ac4d83f6a58576332b53a5e4aed959a9,2020,Plan_MScCom_CH-pour-HES_fr.pdf,https://cdn.unifr.ch/scimed/plans/2020/Plan_MScCom_CH-pour-HES_fr.pdf,f0ca8aadd3f9b10b3d29a886ee2b775d9adb97e1,|master|120|experimental biomedical research,Experimental Biomedical Research,Complement to the major in chemistry for HES (FR),scrapy_crawler\outputs\parsed_fulltext_docling_new\af7b4692ac4d83f6a58576332b53a5e4aed959a9.txt,scrapy_crawler\outputs\parsed_fulltext_docling_new\_raw_docling_json\af7b4692ac4d83f6a58576332b53a5e4aed959a9.json,C:\Users\Sara\OneDrive\Uni\Bachelor thesis\BA_Thesis_Dev\scrapy_crawler\outputs\pdfs\UNK_Master_120_Experimental_Biomedical_Research_Complement_to_the_major_in_chemistry_for_HES_FR__af7b4692ac4d83f6a58576332b53a5e4aed959a9.pdf
33e2e01557445a4080131d812660c5805829ae19,2021,Plan_MScCom_CH-pour-HES_fr.pdf,https://cdn.unifr.ch/scimed/plans/2021/Plan_MScCom_CH-pour-HES_fr.pdf?time=100,f0ca8aadd3f9b10b3d29a886ee2b775d9adb97e1,|master|120|experimental biomedical research,Experimental Biomedical Research,Complement to the major in chemistry for HES (FR),scrapy_crawler\outputs\parsed_fulltext_docling_new\33e2e01557445a4080131d812660c5805829ae19.txt,scrapy_crawler\outputs\parsed_fulltext_docling_new\_raw_docling_json\33e2e01557445a4080131d812660c5805829ae19.json,C:\Users\Sara\OneDrive\Uni\Bachelor thesis\BA_Thesis_Dev\scrapy_crawler\outputs\pdfs\UNK_Master_120_Experimental_Biomedical_Research_Complement_to_the_major_in_chemistry_for_HES_FR__33e2e01557445a4080131d812660c5805829ae19.pdf
8b509939b9c6a267b4e50a7699594ce5cafcd383,2022,Plan_MScCom_CH-pour-HES_fr.pdf,https://cdn.unifr.ch/scimed/plans/2022/Plan_MScCom_CH-pour-HES_fr.pdf,f0ca8aadd3f9b10b3d29a886ee2b775d9adb97e1,|master|120|experimental biomedical research,Experimental Biomedical Research,Complement to the major in chemistry for HES (FR),scrapy_crawler\outputs\parsed_fulltext_docling_new\8b509939b9c6a267b4e50a7699594ce5cafcd383.txt,scrapy_crawler\outputs\parsed_fulltext_docling_new\_raw_docling_json\8b509939b9c6a267b4e50a7699594ce5cafcd383.json,C:\Users\Sara\OneDrive\Uni\Bachelor thesis\BA_Thesis_Dev\scrapy_crawler\outputs\pdfs\UNK_Master_120_Experimental_Biomedical_Research_Complement_to_the_major_in_chemistry_for_HES_FR__8b509939b9c6a267b4e50a7699594ce5cafcd383.pdf
c34027cd74f4ef91cbceff3fafda5b50d664cb4f,2023,Plan_MScCom_CH-pour-HES_fr.pdf,https://cdn.unifr.ch/scimed/plans/2023/Plan_MScCom_CH-pour-HES_fr.pdf,f0ca8aadd3f9b10b3d29a886ee2b775d9adb97e1,|master|120|experimental biomedical research,Experimental Biomedical Research,Complement to the major in chemistry for HES (FR),scrapy_crawler\outputs\parsed_fulltext_docling_new\c34027cd74f4ef91cbceff3fafda5b50d664cb4f.txt,scrapy_crawler\outputs\parsed_fulltext_docling_new\_raw_docling_json\c34027cd74f4ef91cbceff3fafda5b50d664cb4f.json,C:\Users\Sara\OneDrive\Uni\Bachelor thesis\BA_Thesis_Dev\scrapy_crawler\outputs\pdfs\UNK_Master_120_Experimental_Biomedical_Research_Complement_to_the_major_in_chemistry_for_HES_FR__c34027cd74f4ef91cbceff3fafda5b50d664cb4f.pdf
2199ec3c9fecb1ab40e252d1849916b37e1ed666,2024,Plan_MScCom_CH-pour-HES_fr.pdf,https://cdn.unifr.ch/scimed/plans/2024/Plan_MScCom_CH-pour-HES_fr.pdf,f0ca8aadd3f9b10b3d29a886ee2b775d9adb97e1,|master|120|experimental biomedical research,Experimental Biomedical Research,Complement to the major in chemistry for HES (FR),scrapy_crawler\outputs\parsed_fulltext_docling_new\2199ec3c9fecb1ab40e252d1849916b37e1ed666.txt,scrapy_crawler\outputs\parsed_fulltext_docling_new\_raw_docling_json\2199ec3c9fecb1ab40e252d1849916b37e1ed666.json,C:\Users\Sara\OneDrive\Uni\Bachelor thesis\BA_Thesis_Dev\scrapy_crawler\outputs\pdfs\UNK_Master_120_Experimental_Biomedical_Research_Complement_to_the_major_in_chemistry_for_HES_FR__2199ec3c9fecb1ab40e252d1849916b37e1ed666.pdf
e4daa6f9bb80a87d48ad1f6ed504e2bb9bae8208,2020,Plan_MScPre-Com_SP-E_fr.pdf,https://cdn.unifr.ch/scimed/plans/2020/Plan_MScPre-Com_SP-E_fr.pdf,9243565e997c56949ce380d84c51bf07c346e691,|master|120|experimental biomedical research,Experimental Biomedical Research,Preparation or complement to the major in Sport science/teaching (FR),scrapy_crawler\outputs\parsed_fulltext_docling_new\e4daa6f9bb80a87d48ad1f6ed504e2bb9bae8208.txt,scrapy_crawler\outputs\parsed_fulltext_docling_new\_raw_docling_json\e4daa6f9bb80a87d48ad1f6ed504e2bb9bae8208.json,C:\Users\Sara\OneDrive\Uni\Bachelor thesis\BA_Thesis_Dev\scrapy_crawler\outputs\pdfs\UNK_Master_120_Experimental_Biomedical_Research_Preparation_or_complement_to_the_major_in_Sport_science_teaching_FR__e4daa6f9bb80a87d48ad1f6ed504e2bb9bae8208.pdf
143c5a65a112fd7300c215ca2426669f6fcbc988,2021,Plan_MScPre-Com_SP-E_fr.pdf,https://cdn.unifr.ch/scimed/plans/2021/Plan_MScPre-Com_SP-E_fr.pdf?time=100,9243565e997c56949ce380d84c51bf07c346e691,|master|120|experimental biomedical research,Experimental Biomedical Research,Preparation or complement to the major in Sport science/teaching (FR),scrapy_crawler\outputs\parsed_fulltext_docling_new\143c5a65a112fd7300c215ca2426669f6fcbc988.txt,scrapy_crawler\outputs\parsed_fulltext_docling_new\_raw_docling_json\143c5a65a112fd7300c215ca2426669f6fcbc988.json,C:\Users\Sara\OneDrive\Uni\Bachelor thesis\BA_Thesis_Dev\scrapy_crawler\outputs\pdfs\UNK_Master_120_Experimental_Biomedical_Research_Preparation_or_complement_to_the_major_in_Sport_science_teaching_FR__143c5a65a112fd7300c215ca2426669f6fcbc988.pdf
9b220c5e998490c29648cf68519e2f05a09659ea,2022,Plan_MScPre-Com_SP-E_fr.pdf,https://cdn.unifr.ch/scimed/plans/2022/Plan_MScPre-Com_SP-E_fr.pdf,9243565e997c56949ce380d84c51bf07c346e691,|master|120|experimental biomedical research,Experimental Biomedical Research,Preparation or complement to the major in Sport science/teaching (FR),scrapy_crawler\outputs\parsed_fulltext_docling_new\9b220c5e998490c29648cf68519e2f05a09659ea.txt,scrapy_crawler\outputs\parsed_fulltext_docling_new\_raw_docling_json\9b220c5e998490c29648cf68519e2f05a09659ea.json,C:\Users\Sara\OneDrive\Uni\Bachelor thesis\BA_Thesis_Dev\scrapy_crawler\outputs\pdfs\UNK_Master_120_Experimental_Biomedical_Research_Preparation_or_complement_to_the_major_in_Sport_science_teaching_FR__9b220c5e998490c29648cf68519e2f05a09659ea.pdf
7b468cf5875ebbed0e2df914f942265bb5470641,2023,Plan_MScPre-Com_SP-E_fr.pdf,https://cdn.unifr.ch/scimed/plans/2023/Plan_MScPre-Com_SP-E_fr.pdf,9243565e997c56949ce380d84c51bf07c346e691,|master|120|experimental biomedical research,Experimental Biomedical Research,Preparation or complement to the major in Sport science/teaching (FR),scrapy_crawler\outputs\parsed_fulltext_docling_new\7b468cf5875ebbed0e2df914f942265bb5470641.txt,scrapy_crawler\outputs\parsed_fulltext_docling_new\_raw_docling_json\7b468cf5875ebbed0e2df914f942265bb5470641.json,C:\Users\Sara\OneDrive\Uni\Bachelor thesis\BA_Thesis_Dev\scrapy_crawler\outputs\pdfs\UNK_Master_120_Experimental_Biomedical_Research_Preparation_or_complement_to_the_major_in_Sport_science_teaching_FR__7b468cf5875ebbed0e2df914f942265bb5470641.pdf
8a4443805c88d8097367165396ab0c3bda0011af,2024,Plan_MScPre-Com_SP-E_fr.pdf,https://cdn.unifr.ch/scimed/plans/2024/Plan_MScPre-Com_SP-E_fr.pdf,9243565e997c56949ce380d84c51bf07c346e691,|master|120|experimental biomedical research,Experimental Biomedical Research,Preparation or complement to the major in Sport science/teaching (FR),scrapy_crawler\outputs\parsed_fulltext_docling_new\8a4443805c88d8097367165396ab0c3bda0011af.txt,scrapy_crawler\outputs\parsed_fulltext_docling_new\_raw_docling_json\8a4443805c88d8097367165396ab0c3bda0011af.json,C:\Users\Sara\OneDrive\Uni\Bachelor thesis\BA_Thesis_Dev\scrapy_crawler\outputs\pdfs\UNK_Master_120_Experimental_Biomedical_Research_Preparation_or_complement_to_the_major_in_Sport_science_teaching_FR__8a4443805c88d8097367165396ab0c3bda0011af.pdf
e347057d4d66e7435bf82aa4adf592999f7ffb94,2020,Plan_MScPre-Com_SP-SR_fr.pdf,https://cdn.unifr.ch/scimed/plans/2020/Plan_MScPre-Com_SP-SR_fr.pdf,1b8ad312a517e474816d7d4fcc26dcce753a1c98,|master|120|experimental biomedical research,Experimental Biomedical Research,Preparation or complement to the major in Sport science/health-research (FR),scrapy_crawler\outputs\parsed_fulltext_docling_new\e347057d4d66e7435bf82aa4adf592999f7ffb94.txt,scrapy_crawler\outputs\parsed_fulltext_docling_new\_raw_docling_json\e347057d4d66e7435bf82aa4adf592999f7ffb94.json,C:\Users\Sara\OneDrive\Uni\Bachelor thesis\BA_Thesis_Dev\scrapy_crawler\outputs\pdfs\UNK_Master_120_Experimental_Biomedical_Research_Preparation_or_complement_to_the_major_in_Sport_science_health-research_FR__e347057d4d66e7435bf82aa4adf592999f7ffb94.pdf
612f35d0eb1c235844b62474a350c6e51156f31c,2021,Plan_MScPre-Com_SP-SR_fr.pdf,https://cdn.unifr.ch/scimed/plans/2021/Plan_MScPre-Com_SP-SR_fr.pdf?time=100,1b8ad312a517e474816d7d4fcc26dcce753a1c98,|master|120|experimental biomedical research,Experimental Biomedical Research,Preparation or complement to the major in Sport science/health-research (FR),scrapy_crawler\outputs\parsed_fulltext_docling_new\612f35d0eb1c235844b62474a350c6e51156f31c.txt,scrapy_crawler\outputs\parsed_fulltext_docling_new\_raw_docling_json\612f35d0eb1c235844b62474a350c6e51156f31c.json,C:\Users\Sara\OneDrive\Uni\Bachelor thesis\BA_Thesis_Dev\scrapy_crawler\outputs\pdfs\UNK_Master_120_Experimental_Biomedical_Research_Preparation_or_complement_to_the_major_in_Sport_science_health-research_FR__612f35d0eb1c235844b62474a350c6e51156f31c.pdf
0c1b0bc3d064980aedf334a2c4166424f1cb00c7,2022,Plan_MScPre-Com_SP-SR_fr.pdf,https://cdn.unifr.ch/scimed/plans/2022/Plan_MScPre-Com_SP-SR_fr.pdf,1b8ad312a517e474816d7d4fcc26dcce753a1c98,|master|120|experimental biomedical research,Experimental Biomedical Research,Preparation or complement to the major in Sport science/health-research (FR),scrapy_crawler\outputs\parsed_fulltext_docling_new\0c1b0bc3d064980aedf334a2c4166424f1cb00c7.txt,scrapy_crawler\outputs\parsed_fulltext_docling_new\_raw_docling_json\0c1b0bc3d064980aedf334a2c4166424f1cb00c7.json,C:\Users\Sara\OneDrive\Uni\Bachelor thesis\BA_Thesis_Dev\scrapy_crawler\outputs\pdfs\UNK_Master_120_Experimental_Biomedical_Research_Preparation_or_complement_to_the_major_in_Sport_science_health-research_FR__0c1b0bc3d064980aedf334a2c4166424f1cb00c7.pdf
c944aa16292aec91d7b62c0acac98621899c2ed9,2023,Plan_MScPre-Com_SP-SR_fr.pdf,https://cdn.unifr.ch/scimed/plans/2023/Plan_MScPre-Com_SP-SR_fr.pdf,1b8ad312a517e474816d7d4fcc26dcce753a1c98,|master|120|experimental biomedical research,Experimental Biomedical Research,Preparation or complement to the major in Sport science/health-research (FR),scrapy_crawler\outputs\parsed_fulltext_docling_new\c944aa16292aec91d7b62c0acac98621899c2ed9.txt,scrapy_crawler\outputs\parsed_fulltext_docling_new\_raw_docling_json\c944aa16292aec91d7b62c0acac98621899c2ed9.json,C:\Users\Sara\OneDrive\Uni\Bachelor thesis\BA_Thesis_Dev\scrapy_crawler\outputs\pdfs\UNK_Master_120_Experimental_Biomedical_Research_Preparation_or_complement_to_the_major_in_Sport_science_health-research_FR__c944aa16292aec91d7b62c0acac98621899c2ed9.pdf
bc4df085cc8474909ed2aff5613af4b264abedb1,2024,Plan_MScPre-Com_SP-SR_fr.pdf,https://cdn.unifr.ch/scimed/plans/2024/Plan_MScPre-Com_SP-SR_fr.pdf,1b8ad312a517e474816d7d4fcc26dcce753a1c98,|master|120|experimental biomedical research,Experimental Biomedical Research,Preparation or complement to the major in Sport science/health-research (FR),scrapy_crawler\outputs\parsed_fulltext_docling_new\bc4df085cc8474909ed2aff5613af4b264abedb1.txt,scrapy_crawler\outputs\parsed_fulltext_docling_new\_raw_docling_json\bc4df085cc8474909ed2aff5613af4b264abedb1.json,C:\Users\Sara\OneDrive\Uni\Bachelor thesis\BA_Thesis_Dev\scrapy_crawler\outputs\pdfs\UNK_Master_120_Experimental_Biomedical_Research_Preparation_or_complement_to_the_major_in_Sport_science_health-research_FR__bc4df085cc8474909ed2aff5613af4b264abedb1.pdf
a1bc976b392acb72ce6305d88df753b4e993bc03,2020,Plan_MScSp_DGG_en.pdf,https://cdn.unifr.ch/scimed/plans/2020/Plan_MScSp_DGG_en.pdf,24193aae76ba38b9ca267b7ae314f9df70798609,|master|120|experimental biomedical research,Experimental Biomedical Research,SpMSc in Dynamics in Glaciology and Geomorphology,scrapy_crawler\outputs\parsed_fulltext_docling_new\a1bc976b392acb72ce6305d88df753b4e993bc03.txt,scrapy_crawler\outputs\parsed_fulltext_docling_new\_raw_docling_json\a1bc976b392acb72ce6305d88df753b4e993bc03.json,C:\Users\Sara\OneDrive\Uni\Bachelor thesis\BA_Thesis_Dev\scrapy_crawler\outputs\pdfs\UNK_Master_120_Experimental_Biomedical_Research_SpMSc_in_Dynamics_in_Glaciology_and_Geomorphology_a1bc976b392acb72ce6305d88df753b4e993bc03.pdf
670ea3149b2b0e3e96d65bb802c3eb5373a4b8dc,2021,Plan_MScSp_DGG_en.pdf,https://cdn.unifr.ch/scimed/plans/2021/Plan_MScSp_DGG_en.pdf?time=100,24193aae76ba38b9ca267b7ae314f9df70798609,|master|120|experimental biomedical research,Experimental Biomedical Research,SpMSc in Dynamics in Glaciology and Geomorphology,scrapy_crawler\outputs\parsed_fulltext_docling_new\670ea3149b2b0e3e96d65bb802c3eb5373a4b8dc.txt,scrapy_crawler\outputs\parsed_fulltext_docling_new\_raw_docling_json\670ea3149b2b0e3e96d65bb802c3eb5373a4b8dc.json,C:\Users\Sara\OneDrive\Uni\Bachelor thesis\BA_Thesis_Dev\scrapy_crawler\outputs\pdfs\UNK_Master_120_Experimental_Biomedical_Research_SpMSc_in_Dynamics_in_Glaciology_and_Geomorphology_670ea3149b2b0e3e96d65bb802c3eb5373a4b8dc.pdf
51b10de0ea877324effbd23cedec9b545d02df01,2022,Plan_MScSp_DGG_en.pdf,https://cdn.unifr.ch/scimed/plans/2022/Plan_MScSp_DGG_en.pdf,24193aae76ba38b9ca267b7ae314f9df70798609,|master|120|experimental biomedical research,Experimental Biomedical Research,SpMSc in Dynamics in Glaciology and Geomorphology,scrapy_crawler\outputs\parsed_fulltext_docling_new\51b10de0ea877324effbd23cedec9b545d02df01.txt,scrapy_crawler\outputs\parsed_fulltext_docling_new\_raw_docling_json\51b10de0ea877324effbd23cedec9b545d02df01.json,C:\Users\Sara\OneDrive\Uni\Bachelor thesis\BA_Thesis_Dev\scrapy_crawler\outputs\pdfs\UNK_Master_120_Experimental_Biomedical_Research_SpMSc_in_Dynamics_in_Glaciology_and_Geomorphology_51b10de0ea877324effbd23cedec9b545d02df01.pdf
d64c1d9ef4fac6b520eadb8de78a8dc9f9db6a82,2023,Plan_MScSp_DGG_en.pdf,https://cdn.unifr.ch/scimed/plans/2023/Plan_MScSp_DGG_en.pdf,24193aae76ba38b9ca267b7ae314f9df70798609,|master|120|experimental biomedical research,Experimental Biomedical Research,SpMSc in Dynamics in Glaciology and Geomorphology,scrapy_crawler\outputs\parsed_fulltext_docling_new\d64c1d9ef4fac6b520eadb8de78a8dc9f9db6a82.txt,scrapy_crawler\outputs\parsed_fulltext_docling_new\_raw_docling_json\d64c1d9ef4fac6b520eadb8de78a8dc9f9db6a82.json,C:\Users\Sara\OneDrive\Uni\Bachelor thesis\BA_Thesis_Dev\scrapy_crawler\outputs\pdfs\UNK_Master_120_Experimental_Biomedical_Research_SpMSc_in_Dynamics_in_Glaciology_and_Geomorphology_d64c1d9ef4fac6b520eadb8de78a8dc9f9db6a82.pdf
445cdacd71195aeacb100ac8738e7594fea4eaad,2024,Plan_MScSp_DGG_en.pdf,https://cdn.unifr.ch/scimed/plans/2024/Plan_MScSp_DGG_en.pdf,24193aae76ba38b9ca267b7ae314f9df70798609,|master|120|experimental biomedical research,Experimental Biomedical Research,SpMSc in Dynamics in Glaciology and Geomorphology,scrapy_crawler\outputs\parsed_fulltext_docling_new\445cdacd71195aeacb100ac8738e7594fea4eaad.txt,scrapy_crawler\outputs\parsed_fulltext_docling_new\_raw_docling_json\445cdacd71195aeacb100ac8738e7594fea4eaad.json,C:\Users\Sara\OneDrive\Uni\Bachelor thesis\BA_Thesis_Dev\scrapy_crawler\outputs\pdfs\UNK_Master_120_Experimental_Biomedical_Research_SpMSc_in_Dynamics_in_Glaciology_and_Geomorphology_445cdacd71195aeacb100ac8738e7594fea4eaad.pdf
f63e014fac22ad2e23a1ba6f41db9a87adbd250b,2022,Plan_MScSp_DN_en.pdf,https://cdn.unifr.ch/scimed/plans/2022/Plan_MScSp_DN_en.pdf,beb21cece54b4ca400ec04fd8af5195372e9bce6,|master|120|experimental biomedical research,Experimental Biomedical Research,SpMSc in Digital Neuroscience,scrapy_crawler\outputs\parsed_fulltext_docling_new\f63e014fac22ad2e23a1ba6f41db9a87adbd250b.txt,scrapy_crawler\outputs\parsed_fulltext_docling_new\_raw_docling_json\f63e014fac22ad2e23a1ba6f41db9a87adbd250b.json,C:\Users\Sara\OneDrive\Uni\Bachelor thesis\BA_Thesis_Dev\scrapy_crawler\outputs\pdfs\UNK_Master_120_Experimental_Biomedical_Research_SpMSc_in_Digital_Neuroscience_f63e014fac22ad2e23a1ba6f41db9a87adbd250b.pdf
b4b87768c378b079eec6f6dd6be1aec46e0754ce,2023,Plan_MScSp_DN_en.pdf,https://cdn.unifr.ch/scimed/plans/2023/Plan_MScSp_DN_en.pdf,beb21cece54b4ca400ec04fd8af5195372e9bce6,|master|120|experimental biomedical research,Experimental Biomedical Research,SpMSc in Digital Neuroscience,scrapy_crawler\outputs\parsed_fulltext_docling_new\b4b87768c378b079eec6f6dd6be1aec46e0754ce.txt,scrapy_crawler\outputs\parsed_fulltext_docling_new\_raw_docling_json\b4b87768c378b079eec6f6dd6be1aec46e0754ce.json,C:\Users\Sara\OneDrive\Uni\Bachelor thesis\BA_Thesis_Dev\scrapy_crawler\outputs\pdfs\UNK_Master_120_Experimental_Biomedical_Research_SpMSc_in_Digital_Neuroscience_b4b87768c378b079eec6f6dd6be1aec46e0754ce.pdf
ccad936f0def76c5ad872c8e333f4fcaed6bbfb6,2024,Plan_MScSp_DN_en.pdf,https://cdn.unifr.ch/scimed/plans/2024/Plan_MScSp_DN_en.pdf,beb21cece54b4ca400ec04fd8af5195372e9bce6,|master|120|experimental biomedical research,Experimental Biomedical Research,SpMSc in Digital Neuroscience,scrapy_crawler\outputs\parsed_fulltext_docling_new\ccad936f0def76c5ad872c8e333f4fcaed6bbfb6.txt,scrapy_crawler\outputs\parsed_fulltext_docling_new\_raw_docling_json\ccad936f0def76c5ad872c8e333f4fcaed6bbfb6.json,C:\Users\Sara\OneDrive\Uni\Bachelor thesis\BA_Thesis_Dev\scrapy_crawler\outputs\pdfs\UNK_Master_120_Experimental_Biomedical_Research_SpMSc_in_Digital_Neuroscience_ccad936f0def76c5ad872c8e333f4fcaed6bbfb6.pdf
42b5c70b33031bc9a3ee4f9358bf37b13977cd89,2020,Plan_MScSp_EBR_en.pdf,https://cdn.unifr.ch/scimed/plans/2020/Plan_MScSp_EBR_en.pdf,5b60c701e83e9bdb318925fd68f8bb92af08239f,|master|120|experimental biomedical research,Experimental Biomedical Research,SpMSc in Experimental Biomedical&nbsp;Research,scrapy_crawler\outputs\parsed_fulltext_docling_new\42b5c70b33031bc9a3ee4f9358bf37b13977cd89.txt,scrapy_crawler\outputs\parsed_fulltext_docling_new\_raw_docling_json\42b5c70b33031bc9a3ee4f9358bf37b13977cd89.json,C:\Users\Sara\OneDrive\Uni\Bachelor thesis\BA_Thesis_Dev\scrapy_crawler\outputs\pdfs\UNK_Master_120_Experimental_Biomedical_Research_SpMSc_in_Experimental_Biomedical_nbsp_Research_42b5c70b33031bc9a3ee4f9358bf37b13977cd89.pdf
3ee959ed05beb0da60c20ed52107fd180ef65de8,2021,Plan_MScSp_EBR_en.pdf,https://cdn.unifr.ch/scimed/plans/2021/Plan_MScSp_EBR_en.pdf?time=100,5b60c701e83e9bdb318925fd68f8bb92af08239f,|master|120|experimental biomedical research,Experimental Biomedical Research,SpMSc in Experimental Biomedical&nbsp;Research,scrapy_crawler\outputs\parsed_fulltext_docling_new\3ee959ed05beb0da60c20ed52107fd180ef65de8.txt,scrapy_crawler\outputs\parsed_fulltext_docling_new\_raw_docling_json\3ee959ed05beb0da60c20ed52107fd180ef65de8.json,C:\Users\Sara\OneDrive\Uni\Bachelor thesis\BA_Thesis_Dev\scrapy_crawler\outputs\pdfs\UNK_Master_120_Experimental_Biomedical_Research_SpMSc_in_Experimental_Biomedical_nbsp_Research_3ee959ed05beb0da60c20ed52107fd180ef65de8.pdf
1253e811dc7c10018aaffeabe539ef18ce21c299,2022,Plan_MScSp_EBR_en.pdf,https://cdn.unifr.ch/scimed/plans/2022/Plan_MScSp_EBR_en.pdf,5b60c701e83e9bdb318925fd68f8bb92af08239f,|master|120|experimental biomedical research,Experimental Biomedical Research,SpMSc in Experimental Biomedical&nbsp;Research,scrapy_crawler\outputs\parsed_fulltext_docling_new\1253e811dc7c10018aaffeabe539ef18ce21c299.txt,scrapy_crawler\outputs\parsed_fulltext_docling_new\_raw_docling_json\1253e811dc7c10018aaffeabe539ef18ce21c299.json,C:\Users\Sara\OneDrive\Uni\Bachelor thesis\BA_Thesis_Dev\scrapy_crawler\outputs\pdfs\UNK_Master_120_Experimental_Biomedical_Research_SpMSc_in_Experimental_Biomedical_nbsp_Research_1253e811dc7c10018aaffeabe539ef18ce21c299.pdf
77ed86466139fac4ba984010445b44f0fc9ea6c5,2023,Plan_MScSp_EBR_en.pdf,https://cdn.unifr.ch/scimed/plans/2023/Plan_MScSp_EBR_en.pdf,5b60c701e83e9bdb318925fd68f8bb92af08239f,|master|120|experimental biomedical research,Experimental Biomedical Research,SpMSc in Experimental Biomedical&nbsp;Research,scrapy_crawler\outputs\parsed_fulltext_docling_new\77ed86466139fac4ba984010445b44f0fc9ea6c5.txt,scrapy_crawler\outputs\parsed_fulltext_docling_new\_raw_docling_json\77ed86466139fac4ba984010445b44f0fc9ea6c5.json,C:\Users\Sara\OneDrive\Uni\Bachelor thesis\BA_Thesis_Dev\scrapy_crawler\outputs\pdfs\UNK_Master_120_Experimental_Biomedical_Research_SpMSc_in_Experimental_Biomedical_nbsp_Research_77ed86466139fac4ba984010445b44f0fc9ea6c5.pdf
45888c5fb7541dd043fe562f24a0498b6228d02e,2024,Plan_MScSp_EBR_en.pdf,https://cdn.unifr.ch/scimed/plans/2024/Plan_MScSp_EBR_en.pdf,5b60c701e83e9bdb318925fd68f8bb92af08239f,|master|120|experimental biomedical research,Experimental Biomedical Research,SpMSc in Experimental Biomedical&nbsp;Research,scrapy_crawler\outputs\parsed_fulltext_docling_new\45888c5fb7541dd043fe562f24a0498b6228d02e.txt,scrapy_crawler\outputs\parsed_fulltext_docling_new\_raw_docling_json\45888c5fb7541dd043fe562f24a0498b6228d02e.json,C:\Users\Sara\OneDrive\Uni\Bachelor thesis\BA_Thesis_Dev\scrapy_crawler\outputs\pdfs\UNK_Master_120_Experimental_Biomedical_Research_SpMSc_in_Experimental_Biomedical_nbsp_Research_45888c5fb7541dd043fe562f24a0498b6228d02e.pdf
99f56626be554b0d3f458a17c1b1232bb7fcb759,2020,Plan_MScSp_NSP_en.pdf,https://cdn.unifr.ch/scimed/plans/2020/Plan_MScSp_NSP_en.pdf,5d2bbf069149428b9a746daeb79104afcd340a07,|master|120|experimental biomedical research,Experimental Biomedical Research,"SpMSc in Nature, Society and Politics",scrapy_crawler\outputs\parsed_fulltext_docling_new\99f56626be554b0d3f458a17c1b1232bb7fcb759.txt,scrapy_crawler\outputs\parsed_fulltext_docling_new\_raw_docling_json\99f56626be554b0d3f458a17c1b1232bb7fcb759.json,C:\Users\Sara\OneDrive\Uni\Bachelor thesis\BA_Thesis_Dev\scrapy_crawler\outputs\pdfs\UNK_Master_120_Experimental_Biomedical_Research_SpMSc_in_Nature_Society_and_Politics_99f56626be554b0d3f458a17c1b1232bb7fcb759.pdf
a2b8f4697fc384874e850f63dc6d3f881683395b,2021,Plan_MScSp_NSP_en.pdf,https://cdn.unifr.ch/scimed/plans/2021/Plan_MScSp_NSP_en.pdf?time=100,5d2bbf069149428b9a746daeb79104afcd340a07,|master|120|experimental biomedical research,Experimental Biomedical Research,"SpMSc in Nature, Society and Politics",scrapy_crawler\outputs\parsed_fulltext_docling_new\a2b8f4697fc384874e850f63dc6d3f881683395b.txt,scrapy_crawler\outputs\parsed_fulltext_docling_new\_raw_docling_json\a2b8f4697fc384874e850f63dc6d3f881683395b.json,C:\Users\Sara\OneDrive\Uni\Bachelor thesis\BA_Thesis_Dev\scrapy_crawler\outputs\pdfs\UNK_Master_120_Experimental_Biomedical_Research_SpMSc_in_Nature_Society_and_Politics_a2b8f4697fc384874e850f63dc6d3f881683395b.pdf
0fc9a99d8a2b5d0d7927b0b79083c6c787b1e017,2022,Plan_MScSp_NSP_en.pdf,https://cdn.unifr.ch/scimed/plans/2022/Plan_MScSp_NSP_en.pdf,5d2bbf069149428b9a746daeb79104afcd340a07,|master|120|experimental biomedical research,Experimental Biomedical Research,"SpMSc in Nature, Society and Politics",scrapy_crawler\outputs\parsed_fulltext_docling_new\0fc9a99d8a2b5d0d7927b0b79083c6c787b1e017.txt,scrapy_crawler\outputs\parsed_fulltext_docling_new\_raw_docling_json\0fc9a99d8a2b5d0d7927b0b79083c6c787b1e017.json,C:\Users\Sara\OneDrive\Uni\Bachelor thesis\BA_Thesis_Dev\scrapy_crawler\outputs\pdfs\UNK_Master_120_Experimental_Biomedical_Research_SpMSc_in_Nature_Society_and_Politics_0fc9a99d8a2b5d0d7927b0b79083c6c787b1e017.pdf
01bbda8c711c5a89682db2abd81e3f34bdb10c1b,2023,Plan_MScSp_NSP_en.pdf,https://cdn.unifr.ch/scimed/plans/2023/Plan_MScSp_NSP_en.pdf,5d2bbf069149428b9a746daeb79104afcd340a07,|master|120|experimental biomedical research,Experimental Biomedical Research,"SpMSc in Nature, Society and Politics",scrapy_crawler\outputs\parsed_fulltext_docling_new\01bbda8c711c5a89682db2abd81e3f34bdb10c1b.txt,scrapy_crawler\outputs\parsed_fulltext_docling_new\_raw_docling_json\01bbda8c711c5a89682db2abd81e3f34bdb10c1b.json,C:\Users\Sara\OneDrive\Uni\Bachelor thesis\BA_Thesis_Dev\scrapy_crawler\outputs\pdfs\UNK_Master_120_Experimental_Biomedical_Research_SpMSc_in_Nature_Society_and_Politics_01bbda8c711c5a89682db2abd81e3f34bdb10c1b.pdf
6fbe168d18e9d4f08071ea0f84d6bac45265a34d,2024,Plan_MScSp_NSP_en.pdf,https://cdn.unifr.ch/scimed/plans/2024/Plan_MScSp_NSP_en.pdf,5d2bbf069149428b9a746daeb79104afcd340a07,|master|120|experimental biomedical research,Experimental Biomedical Research,"SpMSc in Nature, Society and Politics",scrapy_crawler\outputs\parsed_fulltext_docling_new\6fbe168d18e9d4f08071ea0f84d6bac45265a34d.txt,scrapy_crawler\outputs\parsed_fulltext_docling_new\_raw_docling_json\6fbe168d18e9d4f08071ea0f84d6bac45265a34d.json,C:\Users\Sara\OneDrive\Uni\Bachelor thesis\BA_Thesis_Dev\scrapy_crawler\outputs\pdfs\UNK_Master_120_Experimental_Biomedical_Research_SpMSc_in_Nature_Society_and_Politics_6fbe168d18e9d4f08071ea0f84d6bac45265a34d.pdf
431dddddfba203a4886069c6bb988a035d2272ee,2020,Plan_MSc_BI_en.pdf,https://cdn.unifr.ch/scimed/plans/2020/Plan_MSc_BI_en.pdf,1b2100732de76fa3878ecd8c39aac40fe67181ce,|master|120|experimental biomedical research,Experimental Biomedical Research,Master of Science in Bioinformatics and Computational Biology,scrapy_crawler\outputs\parsed_fulltext_docling_new\431dddddfba203a4886069c6bb988a035d2272ee.txt,scrapy_crawler\outputs\parsed_fulltext_docling_new\_raw_docling_json\431dddddfba203a4886069c6bb988a035d2272ee.json,C:\Users\Sara\OneDrive\Uni\Bachelor thesis\BA_Thesis_Dev\scrapy_crawler\outputs\pdfs\UNK_Master_120_Experimental_Biomedical_Research_Master_of_Science_in_Bioinformatics_and_Computational_Biology_431dddddfba203a4886069c6bb988a035d2272ee.pdf
0c1b314e890bf36d94522c726d9c083398b6666a,2021,Plan_MSc_BI_en.pdf,https://cdn.unifr.ch/scimed/plans/2021/Plan_MSc_BI_en.pdf?time=100,1b2100732de76fa3878ecd8c39aac40fe67181ce,|master|120|experimental biomedical research,Experimental Biomedical Research,Master of Science in Bioinformatics and Computational Biology,scrapy_crawler\outputs\parsed_fulltext_docling_new\0c1b314e890bf36d94522c726d9c083398b6666a.txt,scrapy_crawler\outputs\parsed_fulltext_docling_new\_raw_docling_json\0c1b314e890bf36d94522c726d9c083398b6666a.json,C:\Users\Sara\OneDrive\Uni\Bachelor thesis\BA_Thesis_Dev\scrapy_crawler\outputs\pdfs\UNK_Master_120_Experimental_Biomedical_Research_Master_of_Science_in_Bioinformatics_and_Computational_Biology_0c1b314e890bf36d94522c726d9c083398b6666a.pdf
cdc4a0a49060ce964bd9b81664e8e07115f1a9ab,2022,Plan_MSc_BI_en.pdf,https://cdn.unifr.ch/scimed/plans/2022/Plan_MSc_BI_en.pdf,1b2100732de76fa3878ecd8c39aac40fe67181ce,|master|120|experimental biomedical research,Experimental Biomedical Research,Master of Science in Bioinformatics and Computational Biology,scrapy_crawler\outputs\parsed_fulltext_docling_new\cdc4a0a49060ce964bd9b81664e8e07115f1a9ab.txt,scrapy_crawler\outputs\parsed_fulltext_docling_new\_raw_docling_json\cdc4a0a49060ce964bd9b81664e8e07115f1a9ab.json,C:\Users\Sara\OneDrive\Uni\Bachelor thesis\BA_Thesis_Dev\scrapy_crawler\outputs\pdfs\UNK_Master_120_Experimental_Biomedical_Research_Master_of_Science_in_Bioinformatics_and_Computational_Biology_cdc4a0a49060ce964bd9b81664e8e07115f1a9ab.pdf
da0e0401a59a2bb7b3a94c4a12a4bfae7804db3f,2023,Plan_MSc_BI_en.pdf,https://cdn.unifr.ch/scimed/plans/2023/Plan_MSc_BI_en.pdf,1b2100732de76fa3878ecd8c39aac40fe67181ce,|master|120|experimental biomedical research,Experimental Biomedical Research,Master of Science in Bioinformatics and Computational Biology,scrapy_crawler\outputs\parsed_fulltext_docling_new\da0e0401a59a2bb7b3a94c4a12a4bfae7804db3f.txt,scrapy_crawler\outputs\parsed_fulltext_docling_new\_raw_docling_json\da0e0401a59a2bb7b3a94c4a12a4bfae7804db3f.json,C:\Users\Sara\OneDrive\Uni\Bachelor thesis\BA_Thesis_Dev\scrapy_crawler\outputs\pdfs\UNK_Master_120_Experimental_Biomedical_Research_Master_of_Science_in_Bioinformatics_and_Computational_Biology_da0e0401a59a2bb7b3a94c4a12a4bfae7804db3f.pdf
4be5b92f76d434a361f50c7f5eb7558bb02a88e2,2024,Plan_MSc_BI_en.pdf,https://cdn.unifr.ch/scimed/plans/2024/Plan_MSc_BI_en.pdf,1b2100732de76fa3878ecd8c39aac40fe67181ce,|master|120|experimental biomedical research,Experimental Biomedical Research,Master of Science in Bioinformatics and Computational Biology,scrapy_crawler\outputs\parsed_fulltext_docling_new\4be5b92f76d434a361f50c7f5eb7558bb02a88e2.txt,scrapy_crawler\outputs\parsed_fulltext_docling_new\_raw_docling_json\4be5b92f76d434a361f50c7f5eb7558bb02a88e2.json,C:\Users\Sara\OneDrive\Uni\Bachelor thesis\BA_Thesis_Dev\scrapy_crawler\outputs\pdfs\UNK_Master_120_Experimental_Biomedical_Research_Master_of_Science_in_Bioinformatics_and_Computational_Biology_4be5b92f76d434a361f50c7f5eb7558bb02a88e2.pdf
a5ffb88f222cef62ad30a8f4b52033afd05ab8ab,2021,Plan_MSc_BL_EnvBiol_en.pdf,https://cdn.unifr.ch/scimed/plans/2021/Plan_MSc_BL_EnvBiol_en.pdf?time=100,aab5fc2977b99de9b78cdd4a97133a9ed9769f17,|master|120|experimental biomedical research,Experimental Biomedical Research,Master of Science in&nbsp;Environmental biology,scrapy_crawler\outputs\parsed_fulltext_docling_new\a5ffb88f222cef62ad30a8f4b52033afd05ab8ab.txt,scrapy_crawler\outputs\parsed_fulltext_docling_new\_raw_docling_json\a5ffb88f222cef62ad30a8f4b52033afd05ab8ab.json,C:\Users\Sara\OneDrive\Uni\Bachelor thesis\BA_Thesis_Dev\scrapy_crawler\outputs\pdfs\UNK_Master_120_Experimental_Biomedical_Research_Master_of_Science_in_nbsp_Environmental_biology_a5ffb88f222cef62ad30a8f4b52033afd05ab8ab.pdf
153a577a5f2489030a07834a70559365a658064e,2022,Plan_MSc_BL_EnvBiol_en.pdf,https://cdn.unifr.ch/scimed/plans/2022/Plan_MSc_BL_EnvBiol_en.pdf,aab5fc2977b99de9b78cdd4a97133a9ed9769f17,|master|120|experimental biomedical research,Experimental Biomedical Research,Master of Science in&nbsp;Environmental biology,scrapy_crawler\outputs\parsed_fulltext_docling_new\153a577a5f2489030a07834a70559365a658064e.txt,scrapy_crawler\outputs\parsed_fulltext_docling_new\_raw_docling_json\153a577a5f2489030a07834a70559365a658064e.json,C:\Users\Sara\OneDrive\Uni\Bachelor thesis\BA_Thesis_Dev\scrapy_crawler\outputs\pdfs\UNK_Master_120_Experimental_Biomedical_Research_Master_of_Science_in_nbsp_Environmental_biology_153a577a5f2489030a07834a70559365a658064e.pdf
d974dd85cbec292cf88b1bb3ea1cdcffa35907c7,2023,Plan_MSc_BL_EnvBiol_en.pdf,https://cdn.unifr.ch/scimed/plans/2023/Plan_MSc_BL_EnvBiol_en.pdf,aab5fc2977b99de9b78cdd4a97133a9ed9769f17,|master|120|experimental biomedical research,Experimental Biomedical Research,Master of Science in&nbsp;Environmental biology,scrapy_crawler\outputs\parsed_fulltext_docling_new\d974dd85cbec292cf88b1bb3ea1cdcffa35907c7.txt,scrapy_crawler\outputs\parsed_fulltext_docling_new\_raw_docling_json\d974dd85cbec292cf88b1bb3ea1cdcffa35907c7.json,C:\Users\Sara\OneDrive\Uni\Bachelor thesis\BA_Thesis_Dev\scrapy_crawler\outputs\pdfs\UNK_Master_120_Experimental_Biomedical_Research_Master_of_Science_in_nbsp_Environmental_biology_d974dd85cbec292cf88b1bb3ea1cdcffa35907c7.pdf
0fc0a693f471b75044e2b9dfc5f452a9c19643e6,2024,Plan_MSc_BL_EnvBiol_en.pdf,https://cdn.unifr.ch/scimed/plans/2024/Plan_MSc_BL_EnvBiol_en.pdf,aab5fc2977b99de9b78cdd4a97133a9ed9769f17,|master|120|experimental biomedical research,Experimental Biomedical Research,Master of Science in&nbsp;Environmental biology,scrapy_crawler\outputs\parsed_fulltext_docling_new\0fc0a693f471b75044e2b9dfc5f452a9c19643e6.txt,scrapy_crawler\outputs\parsed_fulltext_docling_new\_raw_docling_json\0fc0a693f471b75044e2b9dfc5f452a9c19643e6.json,C:\Users\Sara\OneDrive\Uni\Bachelor thesis\BA_Thesis_Dev\scrapy_crawler\outputs\pdfs\UNK_Master_120_Experimental_Biomedical_Research_Master_of_Science_in_nbsp_Environmental_biology_0fc0a693f471b75044e2b9dfc5f452a9c19643e6.pdf
98e061801e7d9c51e4c5953a804fda99f8b27d50,2021,Plan_MSc_BL_MLHS_en.pdf,https://cdn.unifr.ch/scimed/plans/2021/Plan_MSc_BL_MLHS_en.pdf?time=101,28f0a44a437eb3a95c3ff6bc5be31d9f44a0fcde,|master|120|experimental biomedical research,Experimental Biomedical Research,Master of Science in Molecular life and health sciences,scrapy_crawler\outputs\parsed_fulltext_docling_new\98e061801e7d9c51e4c5953a804fda99f8b27d50.txt,scrapy_crawler\outputs\parsed_fulltext_docling_new\_raw_docling_json\98e061801e7d9c51e4c5953a804fda99f8b27d50.json,C:\Users\Sara\OneDrive\Uni\Bachelor thesis\BA_Thesis_Dev\scrapy_crawler\outputs\pdfs\UNK_Master_120_Experimental_Biomedical_Research_Master_of_Science_in_Molecular_life_and_health_sciences_98e061801e7d9c51e4c5953a804fda99f8b27d50.pdf
eb8b24d43e4878c5808f399d926e7791bdd1569e,2022,Plan_MSc_BL_MLHS_en.pdf,https://cdn.unifr.ch/scimed/plans/2022/Plan_MSc_BL_MLHS_en.pdf,28f0a44a437eb3a95c3ff6bc5be31d9f44a0fcde,|master|120|experimental biomedical research,Experimental Biomedical Research,Master of Science in Molecular life and health sciences,scrapy_crawler\outputs\parsed_fulltext_docling_new\eb8b24d43e4878c5808f399d926e7791bdd1569e.txt,scrapy_crawler\outputs\parsed_fulltext_docling_new\_raw_docling_json\eb8b24d43e4878c5808f399d926e7791bdd1569e.json,C:\Users\Sara\OneDrive\Uni\Bachelor thesis\BA_Thesis_Dev\scrapy_crawler\outputs\pdfs\UNK_Master_120_Experimental_Biomedical_Research_Master_of_Science_in_Molecular_life_and_health_sciences_eb8b24d43e4878c5808f399d926e7791bdd1569e.pdf
d7d7cfae781de05c3c1ddab17918d92e143e864c,2023,Plan_MSc_BL_MLHS_en.pdf,https://cdn.unifr.ch/scimed/plans/2023/Plan_MSc_BL_MLHS_en.pdf,28f0a44a437eb3a95c3ff6bc5be31d9f44a0fcde,|master|120|experimental biomedical research,Experimental Biomedical Research,Master of Science in Molecular life and health sciences,scrapy_crawler\outputs\parsed_fulltext_docling_new\d7d7cfae781de05c3c1ddab17918d92e143e864c.txt,scrapy_crawler\outputs\parsed_fulltext_docling_new\_raw_docling_json\d7d7cfae781de05c3c1ddab17918d92e143e864c.json,C:\Users\Sara\OneDrive\Uni\Bachelor thesis\BA_Thesis_Dev\scrapy_crawler\outputs\pdfs\UNK_Master_120_Experimental_Biomedical_Research_Master_of_Science_in_Molecular_life_and_health_sciences_d7d7cfae781de05c3c1ddab17918d92e143e864c.pdf
75088cd4d59f08f04796bb19c205176feea49d5f,2024,Plan_MSc_BL_MLHS_en.pdf,https://cdn.unifr.ch/scimed/plans/2024/Plan_MSc_BL_MLHS_en.pdf,28f0a44a437eb3a95c3ff6bc5be31d9f44a0fcde,|master|120|experimental biomedical research,Experimental Biomedical Research,Master of Science in Molecular life and health sciences,scrapy_crawler\outputs\parsed_fulltext_docling_new\75088cd4d59f08f04796bb19c205176feea49d5f.txt,scrapy_crawler\outputs\parsed_fulltext_docling_new\_raw_docling_json\75088cd4d59f08f04796bb19c205176feea49d5f.json,C:\Users\Sara\OneDrive\Uni\Bachelor thesis\BA_Thesis_Dev\scrapy_crawler\outputs\pdfs\UNK_Master_120_Experimental_Biomedical_Research_Master_of_Science_in_Molecular_life_and_health_sciences_75088cd4d59f08f04796bb19c205176feea49d5f.pdf
2ba31ca0f5e6d56f6517cd9e3ad3e349da1da30d,2021,Plan_MSc_CH120_en.pdf,https://cdn.unifr.ch/scimed/plans/2021/Plan_MSc_CH120_en.pdf?time=100,aca93a1660214ae5cad12eb525a079570826e9d1,|master|120|experimental biomedical research,Experimental Biomedical Research,"Master of Science in Chemistry, option communication and innovation",scrapy_crawler\outputs\parsed_fulltext_docling_new\2ba31ca0f5e6d56f6517cd9e3ad3e349da1da30d.txt,scrapy_crawler\outputs\parsed_fulltext_docling_new\_raw_docling_json\2ba31ca0f5e6d56f6517cd9e3ad3e349da1da30d.json,C:\Users\Sara\OneDrive\Uni\Bachelor thesis\BA_Thesis_Dev\scrapy_crawler\outputs\pdfs\UNK_Master_120_Experimental_Biomedical_Research_Master_of_Science_in_Chemistry_option_communication_and_innovation_2ba31ca0f5e6d56f6517cd9e3ad3e349da1da30d.pdf
9a3d38be0cb1085022ba8dfe7a69268771f473c8,2022,Plan_MSc_CH120_en.pdf,https://cdn.unifr.ch/scimed/plans/2022/Plan_MSc_CH120_en.pdf,aca93a1660214ae5cad12eb525a079570826e9d1,|master|120|experimental biomedical research,Experimental Biomedical Research,"Master of Science in Chemistry, option communication and innovation",scrapy_crawler\outputs\parsed_fulltext_docling_new\9a3d38be0cb1085022ba8dfe7a69268771f473c8.txt,scrapy_crawler\outputs\parsed_fulltext_docling_new\_raw_docling_json\9a3d38be0cb1085022ba8dfe7a69268771f473c8.json,C:\Users\Sara\OneDrive\Uni\Bachelor thesis\BA_Thesis_Dev\scrapy_crawler\outputs\pdfs\UNK_Master_120_Experimental_Biomedical_Research_Master_of_Science_in_Chemistry_option_communication_and_innovation_9a3d38be0cb1085022ba8dfe7a69268771f473c8.pdf
bfd0ffc1db36bb9adc122f0a772c40f927e06d62,2023,Plan_MSc_CH120_en.pdf,https://cdn.unifr.ch/scimed/plans/2023/Plan_MSc_CH120_en.pdf,aca93a1660214ae5cad12eb525a079570826e9d1,|master|120|experimental biomedical research,Experimental Biomedical Research,"Master of Science in Chemistry, option communication and innovation",scrapy_crawler\outputs\parsed_fulltext_docling_new\bfd0ffc1db36bb9adc122f0a772c40f927e06d62.txt,scrapy_crawler\outputs\parsed_fulltext_docling_new\_raw_docling_json\bfd0ffc1db36bb9adc122f0a772c40f927e06d62.json,C:\Users\Sara\OneDrive\Uni\Bachelor thesis\BA_Thesis_Dev\scrapy_crawler\outputs\pdfs\UNK_Master_120_Experimental_Biomedical_Research_Master_of_Science_in_Chemistry_option_communication_and_innovation_bfd0ffc1db36bb9adc122f0a772c40f927e06d62.pdf
bbdae3f50ecf80cdf371a79eea2c4a049e1642b2,2024,Plan_MSc_CH120_en.pdf,https://cdn.unifr.ch/scimed/plans/2024/Plan_MSc_CH120_en.pdf,aca93a1660214ae5cad12eb525a079570826e9d1,|master|120|experimental biomedical research,Experimental Biomedical Research,"Master of Science in Chemistry, option communication and innovation",scrapy_crawler\outputs\parsed_fulltext_docling_new\bbdae3f50ecf80cdf371a79eea2c4a049e1642b2.txt,scrapy_crawler\outputs\parsed_fulltext_docling_new\_raw_docling_json\bbdae3f50ecf80cdf371a79eea2c4a049e1642b2.json,C:\Users\Sara\OneDrive\Uni\Bachelor thesis\BA_Thesis_Dev\scrapy_crawler\outputs\pdfs\UNK_Master_120_Experimental_Biomedical_Research_Master_of_Science_in_Chemistry_option_communication_and_innovation_bbdae3f50ecf80cdf371a79eea2c4a049e1642b2.pdf
088d4fddcdcb9b58b3dc267c605ffab18b93eed4,2020,Plan_MSc_CH90_en.pdf,https://cdn.unifr.ch/scimed/plans/2020/Plan_MSc_CH90_en.pdf,880056f439d61364cb747cb825febb1ee2cc8719,|master|120|experimental biomedical research,Experimental Biomedical Research,Master of Science in Chemistry,scrapy_crawler\outputs\parsed_fulltext_docling_new\088d4fddcdcb9b58b3dc267c605ffab18b93eed4.txt,scrapy_crawler\outputs\parsed_fulltext_docling_new\_raw_docling_json\088d4fddcdcb9b58b3dc267c605ffab18b93eed4.json,C:\Users\Sara\OneDrive\Uni\Bachelor thesis\BA_Thesis_Dev\scrapy_crawler\outputs\pdfs\UNK_Master_120_Experimental_Biomedical_Research_Master_of_Science_in_Chemistry_088d4fddcdcb9b58b3dc267c605ffab18b93eed4.pdf
16454d293d44c143029995c281e94304399f7513,2021,Plan_MSc_CH90_en.pdf,https://cdn.unifr.ch/scimed/plans/2021/Plan_MSc_CH90_en.pdf?time=100,880056f439d61364cb747cb825febb1ee2cc8719,|master|120|experimental biomedical research,Experimental Biomedical Research,Master of Science in Chemistry,scrapy_crawler\outputs\parsed_fulltext_docling_new\16454d293d44c143029995c281e94304399f7513.txt,scrapy_crawler\outputs\parsed_fulltext_docling_new\_raw_docling_json\16454d293d44c143029995c281e94304399f7513.json,C:\Users\Sara\OneDrive\Uni\Bachelor thesis\BA_Thesis_Dev\scrapy_crawler\outputs\pdfs\UNK_Master_120_Experimental_Biomedical_Research_Master_of_Science_in_Chemistry_16454d293d44c143029995c281e94304399f7513.pdf
b000e90c22035d060a17ffd2cef099cb48bdef33,2022,Plan_MSc_CH90_en.pdf,https://cdn.unifr.ch/scimed/plans/2022/Plan_MSc_CH90_en.pdf,880056f439d61364cb747cb825febb1ee2cc8719,|master|120|experimental biomedical research,Experimental Biomedical Research,Master of Science in Chemistry,scrapy_crawler\outputs\parsed_fulltext_docling_new\b000e90c22035d060a17ffd2cef099cb48bdef33.txt,scrapy_crawler\outputs\parsed_fulltext_docling_new\_raw_docling_json\b000e90c22035d060a17ffd2cef099cb48bdef33.json,C:\Users\Sara\OneDrive\Uni\Bachelor thesis\BA_Thesis_Dev\scrapy_crawler\outputs\pdfs\UNK_Master_120_Experimental_Biomedical_Research_Master_of_Science_in_Chemistry_b000e90c22035d060a17ffd2cef099cb48bdef33.pdf
b22afd6b714546fe77ff32b5efb4d78c13443fe8,2023,Plan_MSc_CH90_en.pdf,https://cdn.unifr.ch/scimed/plans/2023/Plan_MSc_CH90_en.pdf,880056f439d61364cb747cb825febb1ee2cc8719,|master|120|experimental biomedical research,Experimental Biomedical Research,Master of Science in Chemistry,scrapy_crawler\outputs\parsed_fulltext_docling_new\b22afd6b714546fe77ff32b5efb4d78c13443fe8.txt,scrapy_crawler\outputs\parsed_fulltext_docling_new\_raw_docling_json\b22afd6b714546fe77ff32b5efb4d78c13443fe8.json,C:\Users\Sara\OneDrive\Uni\Bachelor thesis\BA_Thesis_Dev\scrapy_crawler\outputs\pdfs\UNK_Master_120_Experimental_Biomedical_Research_Master_of_Science_in_Chemistry_b22afd6b714546fe77ff32b5efb4d78c13443fe8.pdf
0308a9587c01e3d3dfba6f941cf1acff0c56e155,2024,Plan_MSc_CH90_en.pdf,https://cdn.unifr.ch/scimed/plans/2024/Plan_MSc_CH90_en.pdf,880056f439d61364cb747cb825febb1ee2cc8719,|master|120|experimental biomedical research,Experimental Biomedical Research,Master of Science in Chemistry,scrapy_crawler\outputs\parsed_fulltext_docling_new\0308a9587c01e3d3dfba6f941cf1acff0c56e155.txt,scrapy_crawler\outputs\parsed_fulltext_docling_new\_raw_docling_json\0308a9587c01e3d3dfba6f941cf1acff0c56e155.json,C:\Users\Sara\OneDrive\Uni\Bachelor thesis\BA_Thesis_Dev\scrapy_crawler\outputs\pdfs\UNK_Master_120_Experimental_Biomedical_Research_Master_of_Science_in_Chemistry_0308a9587c01e3d3dfba6f941cf1acff0c56e155.pdf
76784c5f5cb16c0c07d984646a0dfcb60c908bbe,2020,Plan_MSc_GG_en.pdf,https://cdn.unifr.ch/scimed/plans/2020/Plan_MSc_GG_en.pdf,4498ebbe34094dabb0cc7e38e026389d3d4a9cec,|master|120|experimental biomedical research,Experimental Biomedical Research,Master of Science in Geography,scrapy_crawler\outputs\parsed_fulltext_docling_new\76784c5f5cb16c0c07d984646a0dfcb60c908bbe.txt,scrapy_crawler\outputs\parsed_fulltext_docling_new\_raw_docling_json\76784c5f5cb16c0c07d984646a0dfcb60c908bbe.json,C:\Users\Sara\OneDrive\Uni\Bachelor thesis\BA_Thesis_Dev\scrapy_crawler\outputs\pdfs\UNK_Master_120_Experimental_Biomedical_Research_Master_of_Science_in_Geography_76784c5f5cb16c0c07d984646a0dfcb60c908bbe.pdf
9b6d80cd50ed7eb786f3da67befce8c4c89e7a63,2021,Plan_MSc_GG_en.pdf,https://cdn.unifr.ch/scimed/plans/2021/Plan_MSc_GG_en.pdf?time=100,4498ebbe34094dabb0cc7e38e026389d3d4a9cec,|master|120|experimental biomedical research,Experimental Biomedical Research,Master of Science in Geography,scrapy_crawler\outputs\parsed_fulltext_docling_new\9b6d80cd50ed7eb786f3da67befce8c4c89e7a63.txt,scrapy_crawler\outputs\parsed_fulltext_docling_new\_raw_docling_json\9b6d80cd50ed7eb786f3da67befce8c4c89e7a63.json,C:\Users\Sara\OneDrive\Uni\Bachelor thesis\BA_Thesis_Dev\scrapy_crawler\outputs\pdfs\UNK_Master_120_Experimental_Biomedical_Research_Master_of_Science_in_Geography_9b6d80cd50ed7eb786f3da67befce8c4c89e7a63.pdf
a6557639ef08e0121b5c3aab8b33bf2d7a6af2d6,2022,Plan_MSc_GG_en.pdf,https://cdn.unifr.ch/scimed/plans/2022/Plan_MSc_GG_en.pdf,4498ebbe34094dabb0cc7e38e026389d3d4a9cec,|master|120|experimental biomedical research,Experimental Biomedical Research,Master of Science in Geography,scrapy_crawler\outputs\parsed_fulltext_docling_new\a6557639ef08e0121b5c3aab8b33bf2d7a6af2d6.txt,scrapy_crawler\outputs\parsed_fulltext_docling_new\_raw_docling_json\a6557639ef08e0121b5c3aab8b33bf2d7a6af2d6.json,C:\Users\Sara\OneDrive\Uni\Bachelor thesis\BA_Thesis_Dev\scrapy_crawler\outputs\pdfs\UNK_Master_120_Experimental_Biomedical_Research_Master_of_Science_in_Geography_a6557639ef08e0121b5c3aab8b33bf2d7a6af2d6.pdf
5995df8f07fdc4bc184a2c1b75cdc6ea618b67f7,2023,Plan_MSc_GG_en.pdf,https://cdn.unifr.ch/scimed/plans/2023/Plan_MSc_GG_en.pdf,4498ebbe34094dabb0cc7e38e026389d3d4a9cec,|master|120|experimental biomedical research,Experimental Biomedical Research,Master of Science in Geography,scrapy_crawler\outputs\parsed_fulltext_docling_new\5995df8f07fdc4bc184a2c1b75cdc6ea618b67f7.txt,scrapy_crawler\outputs\parsed_fulltext_docling_new\_raw_docling_json\5995df8f07fdc4bc184a2c1b75cdc6ea618b67f7.json,C:\Users\Sara\OneDrive\Uni\Bachelor thesis\BA_Thesis_Dev\scrapy_crawler\outputs\pdfs\UNK_Master_120_Experimental_Biomedical_Research_Master_of_Science_in_Geography_5995df8f07fdc4bc184a2c1b75cdc6ea618b67f7.pdf
befa69d2f33a054bbe726e06eb8a1cd7b0b7096c,2024,Plan_MSc_GG_en.pdf,https://cdn.unifr.ch/scimed/plans/2024/Plan_MSc_GG_en.pdf,4498ebbe34094dabb0cc7e38e026389d3d4a9cec,|master|120|experimental biomedical research,Experimental Biomedical Research,Master of Science in Geography,scrapy_crawler\outputs\parsed_fulltext_docling_new\befa69d2f33a054bbe726e06eb8a1cd7b0b7096c.txt,scrapy_crawler\outputs\parsed_fulltext_docling_new\_raw_docling_json\befa69d2f33a054bbe726e06eb8a1cd7b0b7096c.json,C:\Users\Sara\OneDrive\Uni\Bachelor thesis\BA_Thesis_Dev\scrapy_crawler\outputs\pdfs\UNK_Master_120_Experimental_Biomedical_Research_Master_of_Science_in_Geography_befa69d2f33a054bbe726e06eb8a1cd7b0b7096c.pdf
8dd8ad061d0f1bb2637500b2cacde39191a77f14,2020,Plan_MSc_MA_en.pdf,https://cdn.unifr.ch/scimed/plans/2020/Plan_MSc_MA_en.pdf,5eef483c1dd0e582bbe579b7dcaeca83054539cf,|master|120|experimental biomedical research,Experimental Biomedical Research,Master of Science in Mathematics,scrapy_crawler\outputs\parsed_fulltext_docling_new\8dd8ad061d0f1bb2637500b2cacde39191a77f14.txt,scrapy_crawler\outputs\parsed_fulltext_docling_new\_raw_docling_json\8dd8ad061d0f1bb2637500b2cacde39191a77f14.json,C:\Users\Sara\OneDrive\Uni\Bachelor thesis\BA_Thesis_Dev\scrapy_crawler\outputs\pdfs\UNK_Master_120_Experimental_Biomedical_Research_Master_of_Science_in_Mathematics_8dd8ad061d0f1bb2637500b2cacde39191a77f14.pdf
8a24944c4a742f117f7beaa3ccc50d901fa4af04,2021,Plan_MSc_MA_en.pdf,https://cdn.unifr.ch/scimed/plans/2021/Plan_MSc_MA_en.pdf?time=100,5eef483c1dd0e582bbe579b7dcaeca83054539cf,|master|120|experimental biomedical research,Experimental Biomedical Research,Master of Science in Mathematics,scrapy_crawler\outputs\parsed_fulltext_docling_new\8a24944c4a742f117f7beaa3ccc50d901fa4af04.txt,scrapy_crawler\outputs\parsed_fulltext_docling_new\_raw_docling_json\8a24944c4a742f117f7beaa3ccc50d901fa4af04.json,C:\Users\Sara\OneDrive\Uni\Bachelor thesis\BA_Thesis_Dev\scrapy_crawler\outputs\pdfs\UNK_Master_120_Experimental_Biomedical_Research_Master_of_Science_in_Mathematics_8a24944c4a742f117f7beaa3ccc50d901fa4af04.pdf
6f7322bb49cd1e0513aeab1762a0935c3823e5f1,2022,Plan_MSc_MA_en.pdf,https://cdn.unifr.ch/scimed/plans/2022/Plan_MSc_MA_en.pdf,5eef483c1dd0e582bbe579b7dcaeca83054539cf,|master|120|experimental biomedical research,Experimental Biomedical Research,Master of Science in Mathematics,scrapy_crawler\outputs\parsed_fulltext_docling_new\6f7322bb49cd1e0513aeab1762a0935c3823e5f1.txt,scrapy_crawler\outputs\parsed_fulltext_docling_new\_raw_docling_json\6f7322bb49cd1e0513aeab1762a0935c3823e5f1.json,C:\Users\Sara\OneDrive\Uni\Bachelor thesis\BA_Thesis_Dev\scrapy_crawler\outputs\pdfs\UNK_Master_120_Experimental_Biomedical_Research_Master_of_Science_in_Mathematics_6f7322bb49cd1e0513aeab1762a0935c3823e5f1.pdf
e2af9e87b543cf715164d870ded13badd4758aba,2023,Plan_MSc_MA_en.pdf,https://cdn.unifr.ch/scimed/plans/2023/Plan_MSc_MA_en.pdf,5eef483c1dd0e582bbe579b7dcaeca83054539cf,|master|120|experimental biomedical research,Experimental Biomedical Research,Master of Science in Mathematics,scrapy_crawler\outputs\parsed_fulltext_docling_new\e2af9e87b543cf715164d870ded13badd4758aba.txt,scrapy_crawler\outputs\parsed_fulltext_docling_new\_raw_docling_json\e2af9e87b543cf715164d870ded13badd4758aba.json,C:\Users\Sara\OneDrive\Uni\Bachelor thesis\BA_Thesis_Dev\scrapy_crawler\outputs\pdfs\UNK_Master_120_Experimental_Biomedical_Research_Master_of_Science_in_Mathematics_e2af9e87b543cf715164d870ded13badd4758aba.pdf
9f8511d51a7ce0caac883855809ac6746475f2c7,2024,Plan_MSc_MA_en.pdf,https://cdn.unifr.ch/scimed/plans/2024/Plan_MSc_MA_en.pdf,5eef483c1dd0e582bbe579b7dcaeca83054539cf,|master|120|experimental biomedical research,Experimental Biomedical Research,Master of Science in Mathematics,scrapy_crawler\outputs\parsed_fulltext_docling_new\9f8511d51a7ce0caac883855809ac6746475f2c7.txt,scrapy_crawler\outputs\parsed_fulltext_docling_new\_raw_docling_json\9f8511d51a7ce0caac883855809ac6746475f2c7.json,C:\Users\Sara\OneDrive\Uni\Bachelor thesis\BA_Thesis_Dev\scrapy_crawler\outputs\pdfs\UNK_Master_120_Experimental_Biomedical_Research_Master_of_Science_in_Mathematics_9f8511d51a7ce0caac883855809ac6746475f2c7.pdf
589f68b554badcd1c11c8b521dfa646b8ba363ff,2020,Plan_MSc_PH_en.pdf,https://cdn.unifr.ch/scimed/plans/2020/Plan_MSc_PH_en.pdf,3989b736d081fc14112cef5da562d7d27fd454b2,|master|120|experimental biomedical research,Experimental Biomedical Research,Master of Science in Physics,scrapy_crawler\outputs\parsed_fulltext_docling_new\589f68b554badcd1c11c8b521dfa646b8ba363ff.txt,scrapy_crawler\outputs\parsed_fulltext_docling_new\_raw_docling_json\589f68b554badcd1c11c8b521dfa646b8ba363ff.json,C:\Users\Sara\OneDrive\Uni\Bachelor thesis\BA_Thesis_Dev\scrapy_crawler\outputs\pdfs\UNK_Master_120_Experimental_Biomedical_Research_Master_of_Science_in_Physics_589f68b554badcd1c11c8b521dfa646b8ba363ff.pdf
ad2d4202a7b0939745041cf5844ae203daaf7a8b,2021,Plan_MSc_PH_en.pdf,https://cdn.unifr.ch/scimed/plans/2021/Plan_MSc_PH_en.pdf?time=100,3989b736d081fc14112cef5da562d7d27fd454b2,|master|120|experimental biomedical research,Experimental Biomedical Research,Master of Science in Physics,scrapy_crawler\outputs\parsed_fulltext_docling_new\ad2d4202a7b0939745041cf5844ae203daaf7a8b.txt,scrapy_crawler\outputs\parsed_fulltext_docling_new\_raw_docling_json\ad2d4202a7b0939745041cf5844ae203daaf7a8b.json,C:\Users\Sara\OneDrive\Uni\Bachelor thesis\BA_Thesis_Dev\scrapy_crawler\outputs\pdfs\UNK_Master_120_Experimental_Biomedical_Research_Master_of_Science_in_Physics_ad2d4202a7b0939745041cf5844ae203daaf7a8b.pdf
09f4bd6a51cf2c49c32336cd4099f24000d81954,2022,Plan_MSc_PH_en.pdf,https://cdn.unifr.ch/scimed/plans/2022/Plan_MSc_PH_en.pdf,3989b736d081fc14112cef5da562d7d27fd454b2,|master|120|experimental biomedical research,Experimental Biomedical Research,Master of Science in Physics,scrapy_crawler\outputs\parsed_fulltext_docling_new\09f4bd6a51cf2c49c32336cd4099f24000d81954.txt,scrapy_crawler\outputs\parsed_fulltext_docling_new\_raw_docling_json\09f4bd6a51cf2c49c32336cd4099f24000d81954.json,C:\Users\Sara\OneDrive\Uni\Bachelor thesis\BA_Thesis_Dev\scrapy_crawler\outputs\pdfs\UNK_Master_120_Experimental_Biomedical_Research_Master_of_Science_in_Physics_09f4bd6a51cf2c49c32336cd4099f24000d81954.pdf
1bedf7c7431e91202516c5b888cf55912363476b,2023,Plan_MSc_PH_en.pdf,https://cdn.unifr.ch/scimed/plans/2023/Plan_MSc_PH_en.pdf,3989b736d081fc14112cef5da562d7d27fd454b2,|master|120|experimental biomedical research,Experimental Biomedical Research,Master of Science in Physics,scrapy_crawler\outputs\parsed_fulltext_docling_new\1bedf7c7431e91202516c5b888cf55912363476b.txt,scrapy_crawler\outputs\parsed_fulltext_docling_new\_raw_docling_json\1bedf7c7431e91202516c5b888cf55912363476b.json,C:\Users\Sara\OneDrive\Uni\Bachelor thesis\BA_Thesis_Dev\scrapy_crawler\outputs\pdfs\UNK_Master_120_Experimental_Biomedical_Research_Master_of_Science_in_Physics_1bedf7c7431e91202516c5b888cf55912363476b.pdf
4f291852b84fb9a202be20c6da4cd8ef5eb97035,2024,Plan_MSc_PH_en.pdf,https://cdn.unifr.ch/scimed/plans/2024/Plan_MSc_PH_en.pdf,3989b736d081fc14112cef5da562d7d27fd454b2,|master|120|experimental biomedical research,Experimental Biomedical Research,Master of Science in Physics,scrapy_crawler\outputs\parsed_fulltext_docling_new\4f291852b84fb9a202be20c6da4cd8ef5eb97035.txt,scrapy_crawler\outputs\parsed_fulltext_docling_new\_raw_docling_json\4f291852b84fb9a202be20c6da4cd8ef5eb97035.json,C:\Users\Sara\OneDrive\Uni\Bachelor thesis\BA_Thesis_Dev\scrapy_crawler\outputs\pdfs\UNK_Master_120_Experimental_Biomedical_Research_Master_of_Science_in_Physics_4f291852b84fb9a202be20c6da4cd8ef5eb97035.pdf
95c40d1df08fdaa44bbb3a3a722cbff43ccce5d8,2020,Plan_MSc_SE_en.pdf,https://cdn.unifr.ch/scimed/plans/2020/Plan_MSc_SE_en.pdf,96252f8c6cf06fe673d9823a04b5b4f24de8d5e6,|master|120|experimental biomedical research,Experimental Biomedical Research,Master of Science in Environmental sciences and humanities,scrapy_crawler\outputs\parsed_fulltext_docling_new\95c40d1df08fdaa44bbb3a3a722cbff43ccce5d8.txt,scrapy_crawler\outputs\parsed_fulltext_docling_new\_raw_docling_json\95c40d1df08fdaa44bbb3a3a722cbff43ccce5d8.json,C:\Users\Sara\OneDrive\Uni\Bachelor thesis\BA_Thesis_Dev\scrapy_crawler\outputs\pdfs\UNK_Master_120_Experimental_Biomedical_Research_Master_of_Science_in_Environmental_sciences_and_humanities_95c40d1df08fdaa44bbb3a3a722cbff43ccce5d8.pdf
570138cf00f1c6cebef2562ff9c28b35f8325d64,2021,Plan_MSc_SE_en.pdf,https://cdn.unifr.ch/scimed/plans/2021/Plan_MSc_SE_en.pdf?time=100,96252f8c6cf06fe673d9823a04b5b4f24de8d5e6,|master|120|experimental biomedical research,Experimental Biomedical Research,Master of Science in Environmental sciences and humanities,scrapy_crawler\outputs\parsed_fulltext_docling_new\570138cf00f1c6cebef2562ff9c28b35f8325d64.txt,scrapy_crawler\outputs\parsed_fulltext_docling_new\_raw_docling_json\570138cf00f1c6cebef2562ff9c28b35f8325d64.json,C:\Users\Sara\OneDrive\Uni\Bachelor thesis\BA_Thesis_Dev\scrapy_crawler\outputs\pdfs\UNK_Master_120_Experimental_Biomedical_Research_Master_of_Science_in_Environmental_sciences_and_humanities_570138cf00f1c6cebef2562ff9c28b35f8325d64.pdf
207d37d4ddf8267f333309a15cedda4de798bb42,2022,Plan_MSc_SE_en.pdf,https://cdn.unifr.ch/scimed/plans/2022/Plan_MSc_SE_en.pdf,96252f8c6cf06fe673d9823a04b5b4f24de8d5e6,|master|120|experimental biomedical research,Experimental Biomedical Research,Master of Science in Environmental sciences and humanities,scrapy_crawler\outputs\parsed_fulltext_docling_new\207d37d4ddf8267f333309a15cedda4de798bb42.txt,scrapy_crawler\outputs\parsed_fulltext_docling_new\_raw_docling_json\207d37d4ddf8267f333309a15cedda4de798bb42.json,C:\Users\Sara\OneDrive\Uni\Bachelor thesis\BA_Thesis_Dev\scrapy_crawler\outputs\pdfs\UNK_Master_120_Experimental_Biomedical_Research_Master_of_Science_in_Environmental_sciences_and_humanities_207d37d4ddf8267f333309a15cedda4de798bb42.pdf
d7075ddfd2962c363d5abcd2e46b85599f27d4d8,2023,Plan_MSc_SE_en.pdf,https://cdn.unifr.ch/scimed/plans/2023/Plan_MSc_SE_en.pdf,96252f8c6cf06fe673d9823a04b5b4f24de8d5e6,|master|120|experimental biomedical research,Experimental Biomedical Research,Master of Science in Environmental sciences and humanities,scrapy_crawler\outputs\parsed_fulltext_docling_new\d7075ddfd2962c363d5abcd2e46b85599f27d4d8.txt,scrapy_crawler\outputs\parsed_fulltext_docling_new\_raw_docling_json\d7075ddfd2962c363d5abcd2e46b85599f27d4d8.json,C:\Users\Sara\OneDrive\Uni\Bachelor thesis\BA_Thesis_Dev\scrapy_crawler\outputs\pdfs\UNK_Master_120_Experimental_Biomedical_Research_Master_of_Science_in_Environmental_sciences_and_humanities_d7075ddfd2962c363d5abcd2e46b85599f27d4d8.pdf
3556e27a5a37013bcd1712bca0a071a5bf7cfb0e,2024,Plan_MSc_SE_en.pdf,https://cdn.unifr.ch/scimed/plans/2024/Plan_MSc_SE_en.pdf,96252f8c6cf06fe673d9823a04b5b4f24de8d5e6,|master|120|experimental biomedical research,Experimental Biomedical Research,Master of Science in Environmental sciences and humanities,scrapy_crawler\outputs\parsed_fulltext_docling_new\3556e27a5a37013bcd1712bca0a071a5bf7cfb0e.txt,scrapy_crawler\outputs\parsed_fulltext_docling_new\_raw_docling_json\3556e27a5a37013bcd1712bca0a071a5bf7cfb0e.json,C:\Users\Sara\OneDrive\Uni\Bachelor thesis\BA_Thesis_Dev\scrapy_crawler\outputs\pdfs\UNK_Master_120_Experimental_Biomedical_Research_Master_of_Science_in_Environmental_sciences_and_humanities_3556e27a5a37013bcd1712bca0a071a5bf7cfb0e.pdf
b5bb50bb566babfb728b4a54e2de430ff1a8e0da,2020,Plan_MSc_SP_fr.pdf,https://cdn.unifr.ch/scimed/plans/2020/Plan_MSc_SP_fr.pdf,e3303cc6e7717db3fa60559eff565e77f33a5d08,|master|120|experimental biomedical research,Experimental Biomedical Research,Master of Science in Sport sciences/teaching and health-research (FR),scrapy_crawler\outputs\parsed_fulltext_docling_new\b5bb50bb566babfb728b4a54e2de430ff1a8e0da.txt,scrapy_crawler\outputs\parsed_fulltext_docling_new\_raw_docling_json\b5bb50bb566babfb728b4a54e2de430ff1a8e0da.json,C:\Users\Sara\OneDrive\Uni\Bachelor thesis\BA_Thesis_Dev\scrapy_crawler\outputs\pdfs\UNK_Master_120_Experimental_Biomedical_Research_Master_of_Science_in_Sport_sciences_teaching_and_health-research_FR__b5bb50bb566babfb728b4a54e2de430ff1a8e0da.pdf
335cec4978bef19328d3f86b0f6ba8848080ceae,2021,Plan_MSc_SP_fr.pdf,https://cdn.unifr.ch/scimed/plans/2021/Plan_MSc_SP_fr.pdf?time=100,e3303cc6e7717db3fa60559eff565e77f33a5d08,|master|120|experimental biomedical research,Experimental Biomedical Research,Master of Science in Sport sciences/teaching and health-research (FR),scrapy_crawler\outputs\parsed_fulltext_docling_new\335cec4978bef19328d3f86b0f6ba8848080ceae.txt,scrapy_crawler\outputs\parsed_fulltext_docling_new\_raw_docling_json\335cec4978bef19328d3f86b0f6ba8848080ceae.json,C:\Users\Sara\OneDrive\Uni\Bachelor thesis\BA_Thesis_Dev\scrapy_crawler\outputs\pdfs\UNK_Master_120_Experimental_Biomedical_Research_Master_of_Science_in_Sport_sciences_teaching_and_health-research_FR__335cec4978bef19328d3f86b0f6ba8848080ceae.pdf
fd0714b4119e9e6d2fb9aeb44564d1c10114f2ee,2022,Plan_MSc_SP_fr.pdf,https://cdn.unifr.ch/scimed/plans/2022/Plan_MSc_SP_fr.pdf,e3303cc6e7717db3fa60559eff565e77f33a5d08,|master|120|experimental biomedical research,Experimental Biomedical Research,Master of Science in Sport sciences/teaching and health-research (FR),scrapy_crawler\outputs\parsed_fulltext_docling_new\fd0714b4119e9e6d2fb9aeb44564d1c10114f2ee.txt,scrapy_crawler\outputs\parsed_fulltext_docling_new\_raw_docling_json\fd0714b4119e9e6d2fb9aeb44564d1c10114f2ee.json,C:\Users\Sara\OneDrive\Uni\Bachelor thesis\BA_Thesis_Dev\scrapy_crawler\outputs\pdfs\UNK_Master_120_Experimental_Biomedical_Research_Master_of_Science_in_Sport_sciences_teaching_and_health-research_FR__fd0714b4119e9e6d2fb9aeb44564d1c10114f2ee.pdf
9f9049ee688b647da7045210370e7948573b4f99,2023,Plan_MSc_SP_fr.pdf,https://cdn.unifr.ch/scimed/plans/2023/Plan_MSc_SP_fr.pdf,e3303cc6e7717db3fa60559eff565e77f33a5d08,|master|120|experimental biomedical research,Experimental Biomedical Research,Master of Science in Sport sciences/teaching and health-research (FR),scrapy_crawler\outputs\parsed_fulltext_docling_new\9f9049ee688b647da7045210370e7948573b4f99.txt,scrapy_crawler\outputs\parsed_fulltext_docling_new\_raw_docling_json\9f9049ee688b647da7045210370e7948573b4f99.json,C:\Users\Sara\OneDrive\Uni\Bachelor thesis\BA_Thesis_Dev\scrapy_crawler\outputs\pdfs\UNK_Master_120_Experimental_Biomedical_Research_Master_of_Science_in_Sport_sciences_teaching_and_health-research_FR__9f9049ee688b647da7045210370e7948573b4f99.pdf
32d6cef3cf64455cf6554dd9ecbb4da1cd47ecd3,2024,Plan_MSc_SP_fr.pdf,https://cdn.unifr.ch/scimed/plans/2024/Plan_MSc_SP_fr.pdf,e3303cc6e7717db3fa60559eff565e77f33a5d08,|master|120|experimental biomedical research,Experimental Biomedical Research,Master of Science in Sport sciences/teaching and health-research (FR),scrapy_crawler\outputs\parsed_fulltext_docling_new\32d6cef3cf64455cf6554dd9ecbb4da1cd47ecd3.txt,scrapy_crawler\outputs\parsed_fulltext_docling_new\_raw_docling_json\32d6cef3cf64455cf6554dd9ecbb4da1cd47ecd3.json,C:\Users\Sara\OneDrive\Uni\Bachelor thesis\BA_Thesis_Dev\scrapy_crawler\outputs\pdfs\UNK_Master_120_Experimental_Biomedical_Research_Master_of_Science_in_Sport_sciences_teaching_and_health-research_FR__32d6cef3cf64455cf6554dd9ecbb4da1cd47ecd3.pdf
